"cd_linha";"min";"max";"mean";"median";"var";"std";"count";"count_nonzero";"nonzero_percentage";"filename";"dateTime"
32879;0;42;15.063829787234043;16.0;189.24319377716765;13.75656911359688;94;61;35.1063829787234;"201707011400_201707011500";"2017-07-03 14:07:00"
32966;0;45;13.481751824817518;9.0;188.61914984972097;13.733868713866496;137;94;31.386861313868607;"201707011400_201707011500";"2017-07-03 14:07:00"
33072;0;39;15.657894736842104;15.5;164.0149359886202;12.806831613971514;38;33;13.157894736842103;"201707011400_201707011500";"2017-07-03 14:07:00"
33112;0;38;11.416666666666666;7.0;153.3928571428571;12.385187004759239;36;24;33.333333333333336;"201707011400_201707011500";"2017-07-03 14:07:00"
33870;0;33;11.5;11.0;94.68421052631575;9.730581201876676;20;15;25.0;"201707011400_201707011500";"2017-07-03 14:07:00"
33893;0;38;11.903225806451612;8.0;149.29032258064515;12.218441904786598;31;22;29.032258064516125;"201707011400_201707011500";"2017-07-03 14:07:00"
33966;0;46;19.84722222222222;23.5;223.82140062597804;14.960661770990548;72;53;26.388888888888886;"201707011400_201707011500";"2017-07-03 14:07:00"
34048;0;44;19.928571428571427;19.0;309.91758241758237;17.604476204010798;14;9;35.71428571428571;"201707011400_201707011500";"2017-07-03 14:07:00"
34051;0;50;18.41176470588235;11.5;303.4010695187165;17.41841179667987;34;28;17.647058823529417;"201707011400_201707011500";"2017-07-03 14:07:00"
34059;0;34;14.526315789473685;14.0;162.14793741109526;12.73373226556516;38;26;31.57894736842105;"201707011400_201707011500";"2017-07-03 14:07:00"
34061;0;46;19.193548387096776;22.0;205.62795698924725;14.33973350481965;31;23;25.806451612903224;"201707011400_201707011500";"2017-07-03 14:07:00"
34090;0;45;17.207792207792206;18.0;190.87730690362272;13.815835367563654;77;58;24.675324675324674;"201707011400_201707011500";"2017-07-03 14:07:00"
34246;0;41;18.07894736842105;19.5;188.88549075391182;13.743561792850928;38;30;21.052631578947366;"201707011400_201707011500";"2017-07-03 14:07:00"
34414;0;41;13.684931506849315;16.0;138.99657534246572;11.789680883826573;73;53;27.397260273972602;"201707011400_201707011500";"2017-07-03 14:07:00"
34693;0;51;15.481481481481481;11.0;239.33618233618233;15.470493926703902;27;22;18.518518518518523;"201707011400_201707011500";"2017-07-03 14:07:00"
32879;0;48;15.3125;12.0;229.2023809523809;15.139431328566502;64;40;37.5;"201707021400_201707021500";"2017-07-03 14:07:00"
32966;0;54;11.694029850746269;5.0;203.08612950286147;14.250829081245115;134;80;40.29850746268657;"201707021400_201707021500";"2017-07-03 14:07:00"
33072;0;40;18.846153846153847;18.0;156.47435897435895;12.508971139720442;13;11;15.384615384615385;"201707021400_201707021500";"2017-07-03 14:07:00"
33112;0;35;16.785714285714285;19.0;198.48901098901098;14.088612812800662;14;10;28.57142857142857;"201707021400_201707021500";"2017-07-03 14:07:00"
33870;0;46;15.68;16.0;172.1433333333333;13.1203404427375;25;19;24.0;"201707021400_201707021500";"2017-07-03 14:07:00"
33893;0;37;11.885714285714286;11.0;145.0453781512605;12.04347865657014;35;24;31.428571428571427;"201707021400_201707021500";"2017-07-03 14:07:00"
33966;0;50;14.71111111111111;14.0;214.8464646464646;14.657641851487046;45;29;35.55555555555555;"201707021400_201707021500";"2017-07-03 14:07:00"
34048;0;46;18.895833333333332;20.0;199.28679078014184;14.11689734963536;48;40;16.666666666666664;"201707021400_201707021500";"2017-07-03 14:07:00"
34051;0;53;18.93548387096774;19.0;239.39569892473116;15.472417358794686;31;23;25.806451612903224;"201707021400_201707021500";"2017-07-03 14:07:00"
34059;0;51;18.928571428571427;19.5;220.56004140786743;14.851263966675274;70;56;19.999999999999996;"201707021400_201707021500";"2017-07-03 14:07:00"
34246;0;41;16.837209302325583;18.0;228.9014396456257;15.129489074176487;43;33;23.25581395348837;"201707021400_201707021500";"2017-07-03 14:07:00"
34414;0;51;17.06382978723404;16.0;275.58279370952823;16.600686543318872;47;31;34.04255319148937;"201707021400_201707021500";"2017-07-03 14:07:00"
34693;0;50;21.323529411764707;21.5;251.0133689839572;15.843401433529266;34;28;17.647058823529417;"201707021400_201707021500";"2017-07-03 14:07:00"
32879;0;41;10.141666666666667;4.0;155.5175770308123;12.470668668151372;120;68;43.333333333333336;"201707031400_201707031500";"2017-07-03 14:07:00"
32966;0;44;8.04516129032258;3.0;115.69275240888147;10.756056545448311;155;84;45.80645161290322;"201707031400_201707031500";"2017-07-03 14:07:00"
33030;0;29;7.928571428571429;3.5;81.76373626373628;9.042330245226408;14;12;14.28571428571429;"201707031400_201707031500";"2017-07-03 14:07:00"
33072;0;48;8.218181818181819;0.0;155.9144781144781;12.48657191203727;55;25;54.54545454545454;"201707031400_201707031500";"2017-07-03 14:07:00"
33112;0;39;10.875;6.0;143.26063829787233;11.969153616604322;48;29;39.583333333333336;"201707031400_201707031500";"2017-07-03 14:07:00"
33870;0;45;9.014492753623188;8.0;87.72037510656436;9.365915604283671;69;48;30.434782608695656;"201707031400_201707031500";"2017-07-03 14:07:00"
33893;0;43;9.24561403508772;8.0;93.6885964912281;9.679286982584415;57;39;31.57894736842105;"201707031400_201707031500";"2017-07-03 14:07:00"
33966;0;48;13.333333333333334;9.0;199.14845938375345;14.111997001975073;120;73;39.16666666666667;"201707031400_201707031500";"2017-07-03 14:07:00"
34048;0;42;21.235294117647058;25.0;208.36720142602496;14.43492990720859;34;27;20.588235294117652;"201707031400_201707031500";"2017-07-03 14:07:00"
34051;0;45;9.829787234042554;4.0;147.01387604070305;12.124927877752636;47;26;44.680851063829785;"201707031400_201707031500";"2017-07-03 14:07:00"
34059;0;39;12.045454545454545;10.5;159.81183932346724;12.641670748894992;44;28;36.36363636363637;"201707031400_201707031500";"2017-07-03 14:07:00"
34061;0;31;10.826086956521738;8.0;132.7865612648221;11.52330513632361;23;13;43.47826086956522;"201707031400_201707031500";"2017-07-03 14:07:00"
34090;0;51;12.809815950920246;10.0;180.50064379307733;13.435052802020442;163;110;32.515337423312886;"201707031400_201707031500";"2017-07-03 14:07:00"
34246;0;51;11.309859154929578;7.0;166.44231345519927;12.901252398709175;142;100;29.5774647887324;"201707031400_201707031500";"2017-07-03 14:07:00"
34414;0;37;9.095238095238095;6.0;108.34562211981564;10.408920314798054;63;37;41.269841269841265;"201707031400_201707031500";"2017-07-03 14:07:00"
34693;0;50;7.589743589743589;1.0;150.45288045288046;12.265923546675173;78;43;44.87179487179487;"201707031400_201707031500";"2017-07-03 14:07:00"
32879;0;48;13.77037037037037;12.0;169.0140409065783;13.000540023652029;135;90;33.333333333333336;"201707041400_201707041500";"2017-07-03 14:07:00"
32966;0;53;8.847457627118644;0.0;154.9027349768876;12.445992727656865;177;88;50.28248587570621;"201707041400_201707041500";"2017-07-03 14:07:00"
33030;1;31;15.642857142857142;13.5;96.4010989010989;9.81840612834379;14;14;0.0;"201707041400_201707041500";"2017-07-03 14:07:00"
33072;0;27;13.846153846153847;13.0;88.97435897435896;9.432622062521055;13;11;15.384615384615385;"201707041400_201707041500";"2017-07-03 14:07:00"
33112;0;43;12.207792207792208;10.0;166.77204374572798;12.91402507918147;77;46;40.25974025974026;"201707041400_201707041500";"2017-07-03 14:07:00"
33870;0;29;8.454545454545455;8.0;73.84511784511788;8.593318209231978;55;35;36.36363636363637;"201707041400_201707041500";"2017-07-03 14:07:00"
33893;0;37;8.338235294117647;1.0;127.63015803336259;11.297351815065449;68;38;44.11764705882353;"201707041400_201707041500";"2017-07-03 14:07:00"
33966;0;47;14.736263736263735;16.0;178.0407814407815;13.343192325706076;91;60;34.065934065934066;"201707041400_201707041500";"2017-07-03 14:07:00"
34048;0;49;18.25581395348837;17.0;239.33776301218163;15.470545013417647;43;34;20.93023255813954;"201707041400_201707041500";"2017-07-03 14:07:00"
34051;0;56;12.933333333333334;5.0;254.9272727272727;15.966442081042123;45;31;31.11111111111111;"201707041400_201707041500";"2017-07-03 14:07:00"
34059;0;39;9.745098039215685;1.0;169.19372549019607;13.007448846341703;51;28;45.09803921568627;"201707041400_201707041500";"2017-07-03 14:07:00"
34061;0;34;14.4;16.5;148.0421052631579;12.167255453189018;20;15;25.0;"201707041400_201707041500";"2017-07-03 14:07:00"
34090;0;43;12.414285714285715;7.5;171.19403905447078;13.084113995776358;140;95;32.14285714285714;"201707041400_201707041500";"2017-07-03 14:07:00"
34246;0;37;8.977941176470589;2.5;124.55506535947715;11.160424067188359;136;80;41.17647058823529;"201707041400_201707041500";"2017-07-03 14:07:00"
34414;0;39;8.131147540983607;2.0;114.08251366120219;10.680941609296541;61;35;42.622950819672134;"201707041400_201707041500";"2017-07-03 14:07:00"
34693;0;41;6.9245283018867925;0.0;105.30188679245285;10.26167076028328;53;23;56.60377358490566;"201707041400_201707041500";"2017-07-03 14:07:00"
32879;0;35;13.025;9.0;173.5689873417722;13.174558335738325;80;48;40.0;"201707051400_201707051500";"2017-07-03 14:07:00"
32966;0;55;9.95483870967742;4.0;152.10833682446588;12.333220861740289;155;95;38.70967741935484;"201707051400_201707051500";"2017-07-03 14:07:00"
33030;0;28;7.133333333333334;2.0;82.6952380952381;9.093692214674856;15;8;46.666666666666664;"201707051400_201707051500";"2017-07-03 14:07:00"
33072;0;40;14.653846153846153;10.5;186.3153846153846;13.64973936071252;26;18;30.76923076923077;"201707051400_201707051500";"2017-07-03 14:07:00"
33112;0;44;12.767241379310345;10.0;146.2323088455772;12.09265516111235;116;80;31.034482758620683;"201707051400_201707051500";"2017-07-03 14:07:00"
33870;0;34;9.470588235294118;4.5;114.04389815627745;10.679133773685834;68;45;33.82352941176471;"201707051400_201707051500";"2017-07-03 14:07:00"
33893;0;31;6.810126582278481;1.0;81.15579357351508;9.00865104072275;79;41;48.10126582278481;"201707051400_201707051500";"2017-07-03 14:07:00"
33966;0;46;14.483870967741936;13.0;170.92636746143057;13.073881116999289;93;62;33.333333333333336;"201707051400_201707051500";"2017-07-03 14:07:00"
34048;0;49;16.976190476190474;16.5;159.58478513356562;12.632687169939958;42;35;16.666666666666664;"201707051400_201707051500";"2017-07-03 14:07:00"
34051;0;45;10.666666666666666;4.0;187.59999999999997;13.696714934611144;36;23;36.111111111111114;"201707051400_201707051500";"2017-07-03 14:07:00"
34059;0;52;9.578947368421053;3.0;156.10526315789465;12.49420918497424;57;32;43.85964912280702;"201707051400_201707051500";"2017-07-03 14:07:00"
34061;0;51;13.678571428571429;7.5;248.1521164021164;15.752844708246077;28;16;42.85714285714286;"201707051400_201707051500";"2017-07-03 14:07:00"
34090;0;42;14.392857142857142;13.5;174.67189105858182;13.216349384704607;140;105;25.0;"201707051400_201707051500";"2017-07-03 14:07:00"
34246;0;40;12.783333333333333;11.5;131.22344632768358;11.455280281498291;60;43;28.333333333333332;"201707051400_201707051500";"2017-07-03 14:07:00"
34414;0;34;12.305555555555555;11.5;128.0085669781931;11.314087103173332;108;74;31.481481481481477;"201707051400_201707051500";"2017-07-03 14:07:00"
34693;0;48;12.24;8.5;169.28816326530617;13.011078482020856;50;37;26.0;"201707051400_201707051500";"2017-07-03 14:07:00"
32879;0;43;16.16176470588235;17.5;202.7346356453029;14.238491340212379;68;47;30.88235294117647;"201707061400_201707061500";"2017-07-03 14:07:00"
32966;0;49;9.483221476510067;3.0;145.81897333575193;12.075552713468312;149;88;40.93959731543624;"201707061400_201707061500";"2017-07-03 14:07:00"
33030;0;30;12.0;10.0;129.14285714285717;11.364103886486483;15;11;26.66666666666667;"201707061400_201707061500";"2017-07-03 14:07:00"
33072;0;44;13.261904761904763;9.5;170.92973286875727;13.074009823644667;42;32;23.809523809523814;"201707061400_201707061500";"2017-07-03 14:07:00"
33112;0;36;9.5;2.0;146.2741935483871;12.094386861200823;94;52;44.680851063829785;"201707061400_201707061500";"2017-07-03 14:07:00"
33870;0;40;10.791666666666666;10.0;132.02640845070422;11.4902745158984;72;40;44.44444444444444;"201707061400_201707061500";"2017-07-03 14:07:00"
33893;0;35;6.7631578947368425;1.0;80.26315789473685;8.958970805552212;76;41;46.05263157894737;"201707061400_201707061500";"2017-07-03 14:07:00"
33966;0;48;14.584158415841584;14.0;172.7253465346535;13.142501532609899;101;65;35.64356435643564;"201707061400_201707061500";"2017-07-03 14:07:00"
34048;0;37;18.94736842105263;21.0;182.94152046783626;13.525587620056891;19;15;21.052631578947366;"201707061400_201707061500";"2017-07-03 14:07:00"
34051;0;43;16.466666666666665;14.0;194.4363636363637;13.94404402016731;45;38;15.555555555555555;"201707061400_201707061500";"2017-07-03 14:07:00"
34059;0;44;11.647058823529411;6.0;168.58999122036872;12.984220855344718;68;42;38.23529411764706;"201707061400_201707061500";"2017-07-03 14:07:00"
34061;0;49;15.208333333333334;11.0;308.8677536231884;17.574633811923036;24;14;41.666666666666664;"201707061400_201707061500";"2017-07-03 14:07:00"
34090;0;43;9.203208556149733;1.0;142.2810649186361;11.928162679919993;187;94;49.73262032085562;"201707061400_201707061500";"2017-07-03 14:07:00"
34246;0;44;12.717647058823529;9.0;168.2288515406162;12.970306532253439;85;63;25.882352941176467;"201707061400_201707061500";"2017-07-03 14:07:00"
34414;0;34;9.09;3.0;117.45646464646467;10.837733372180027;100;55;44.99999999999999;"201707061400_201707061500";"2017-07-03 14:07:00"
34693;0;48;13.128205128205128;9.0;220.32523616734147;14.843356634108792;39;30;23.076923076923073;"201707061400_201707061500";"2017-07-03 14:07:00"
32879;0;45;14.743362831858407;14.0;184.01390644753482;13.56517255502247;113;74;34.51327433628318;"201707071400_201707071500";"2017-07-03 14:07:00"
32966;0;46;8.030303030303031;2.0;122.10059990770655;11.049914022638662;198;120;39.39393939393939;"201707071400_201707071500";"2017-07-03 14:07:00"
33030;0;36;12.545454545454545;6.0;205.27272727272725;14.327341947225495;11;8;27.27272727272727;"201707071400_201707071500";"2017-07-03 14:07:00"
33072;0;42;10.65625;10.5;124.48313492063491;11.157201034338089;64;38;40.625;"201707071400_201707071500";"2017-07-03 14:07:00"
33112;0;39;9.13888888888889;3.0;147.16353677621274;12.131097921301794;72;38;47.22222222222222;"201707071400_201707071500";"2017-07-03 14:07:00"
33870;0;34;8.75294117647059;3.0;102.37871148459382;10.118236579789674;85;51;40.0;"201707071400_201707071500";"2017-07-03 14:07:00"
33893;0;46;9.506849315068493;5.0;131.80898021308977;11.480809214210023;73;44;39.726027397260275;"201707071400_201707071500";"2017-07-03 14:07:00"
33966;0;43;15.508196721311476;15.0;170.15409836065564;13.044312874224369;61;44;27.86885245901639;"201707071400_201707071500";"2017-07-03 14:07:00"
34048;0;47;17.0;18.0;169.65217391304347;13.025059459098198;24;19;20.833333333333336;"201707071400_201707071500";"2017-07-03 14:07:00"
34051;0;52;15.204545454545455;6.5;271.84090909090907;16.487598645373104;44;29;34.09090909090909;"201707071400_201707071500";"2017-07-03 14:07:00"
34059;0;44;9.92;2.0;167.54448979591837;12.94389778219522;50;27;46.0;"201707071400_201707071500";"2017-07-03 14:07:00"
34061;0;49;14.869565217391305;9.0;237.84584980237153;15.422251774704351;23;16;30.434782608695656;"201707071400_201707071500";"2017-07-03 14:07:00"
34090;0;54;16.34673366834171;16.0;183.09634028729505;13.53130962942224;199;155;22.11055276381909;"201707071400_201707071500";"2017-07-03 14:07:00"
34246;0;44;12.235849056603774;10.0;159.87717879604676;12.644254774246159;106;80;24.52830188679245;"201707071400_201707071500";"2017-07-03 14:07:00"
34414;0;41;11.405405405405405;8.5;156.4909292854499;12.509633459276492;74;44;40.54054054054054;"201707071400_201707071500";"2017-07-03 14:07:00"
34693;0;38;8.779411764705882;3.0;110.41330114135205;10.507773367433847;68;50;26.470588235294112;"201707071400_201707071500";"2017-07-03 14:07:00"
32879;0;43;15.717948717948717;16.0;190.9064269064269;13.816889190640088;78;56;28.205128205128204;"201707081400_201707081500";"2017-07-03 14:07:00"
32966;0;50;10.678082191780822;5.0;179.14393008974966;13.384465999424469;146;83;43.150684931506845;"201707081400_201707081500";"2017-07-03 14:07:00"
33072;0;38;13.444444444444445;15.0;137.02525252525254;11.705778595431084;45;33;26.66666666666667;"201707081400_201707081500";"2017-07-03 14:07:00"
33112;0;36;14.318181818181818;14.0;164.6082251082251;12.829973698656794;22;16;27.27272727272727;"201707081400_201707081500";"2017-07-03 14:07:00"
33870;0;41;11.964285714285714;10.5;154.33201058201053;12.423043531357786;28;18;35.71428571428571;"201707081400_201707081500";"2017-07-03 14:07:00"
33893;0;37;13.620689655172415;10.0;171.67241379310346;13.102381989283607;29;22;24.13793103448276;"201707081400_201707081500";"2017-07-03 14:07:00"
33966;0;47;20.114285714285714;22.0;220.88530020703936;14.862210475129174;70;53;24.28571428571429;"201707081400_201707081500";"2017-07-03 14:07:00"
34048;0;44;19.476190476190474;18.0;281.16190476190485;16.767883132998776;21;16;23.809523809523814;"201707081400_201707081500";"2017-07-03 14:07:00"
34051;0;38;15.227272727272727;15.0;200.46969696969694;14.15873218087329;22;14;36.36363636363637;"201707081400_201707081500";"2017-07-03 14:07:00"
34059;0;40;18.0;18.0;127.74999999999996;11.302654555457313;33;29;12.121212121212121;"201707081400_201707081500";"2017-07-03 14:07:00"
34061;0;53;19.925925925925927;19.0;260.3789173789174;16.136260947906035;27;20;25.92592592592593;"201707081400_201707081500";"2017-07-03 14:07:00"
34090;0;48;18.90909090909091;19.0;177.9258373205742;13.338884410645974;77;64;16.883116883116877;"201707081400_201707081500";"2017-07-03 14:07:00"
34246;0;46;13.840579710144928;12.0;182.40068201193523;13.505579662196482;69;46;33.333333333333336;"201707081400_201707081500";"2017-07-03 14:07:00"
34414;0;43;14.18867924528302;14.0;159.73294629898405;12.638550007773203;53;40;24.52830188679245;"201707081400_201707081500";"2017-07-03 14:07:00"
34693;0;51;17.976190476190474;16.5;279.9750290360046;16.732454363780725;42;31;26.190476190476186;"201707081400_201707081500";"2017-07-03 14:07:00"
32879;0;50;21.166666666666668;21.5;303.9039548022599;17.432841271641863;60;42;30.000000000000004;"201707091400_201707091500";"2017-07-03 14:07:00"
32966;0;50;14.119266055045872;9.0;224.32823649337402;14.977591144552385;109;69;36.69724770642202;"201707091400_201707091500";"2017-07-03 14:07:00"
33072;0;37;15.375;16.5;145.12499999999997;12.046783803156757;8;6;25.0;"201707091400_201707091500";"2017-07-03 14:07:00"
33112;0;41;14.0;10.0;200.9655172413793;14.17623071346468;30;20;33.333333333333336;"201707091400_201707091500";"2017-07-03 14:07:00"
33870;0;39;13.064516129032258;13.0;122.19569892473119;11.05421634150206;31;23;25.806451612903224;"201707091400_201707091500";"2017-07-03 14:07:00"
33893;0;31;10.208333333333334;9.5;96.17210144927537;9.80673755380837;24;17;29.166666666666664;"201707091400_201707091500";"2017-07-03 14:07:00"
33966;0;46;20.1;22.5;179.64285714285717;13.403091327856316;50;41;18.000000000000004;"201707091400_201707091500";"2017-07-03 14:07:00"
34048;0;38;26.416666666666668;28.0;87.73188405797102;9.366529990234966;24;23;4.1666666666666625;"201707091400_201707091500";"2017-07-03 14:07:00"
34051;0;50;19.217391304347824;12.0;362.99604743082995;19.052455154935544;23;16;30.434782608695656;"201707091400_201707091500";"2017-07-03 14:07:00"
34059;0;42;15.017857142857142;15.5;169.94512987012988;13.036300467162064;56;45;19.64285714285714;"201707091400_201707091500";"2017-07-03 14:07:00"
34246;0;49;17.846153846153847;17.0;214.0542986425339;14.630594610012741;52;38;26.923076923076927;"201707091400_201707091500";"2017-07-03 14:07:00"
34414;0;45;15.571428571428571;15.0;195.2264808362369;13.972347005290016;42;29;30.952380952380953;"201707091400_201707091500";"2017-07-03 14:07:00"
34693;0;49;21.0;23.0;277.7333333333334;16.665333279995735;16;14;12.5;"201707091400_201707091500";"2017-07-03 14:07:00"
32879;0;44;14.495495495495495;15.0;176.43407043407046;13.282848731882423;111;75;32.432432432432435;"201707101400_201707101500";"2017-07-03 14:07:00"
32966;0;37;7.4338235294117645;0.0;132.35114379084968;11.504396715640924;136;60;55.88235294117647;"201707101400_201707101500";"2017-07-03 14:07:00"
33030;0;31;8.5;4.0;111.03846153846156;10.53747889860101;14;11;21.42857142857143;"201707101400_201707101500";"2017-07-03 14:07:00"
33072;0;43;13.642857142857142;10.5;159.0644599303136;12.612075956412315;42;29;30.952380952380953;"201707101400_201707101500";"2017-07-03 14:07:00"
33112;0;40;12.264705882352942;9.5;172.13784021071103;13.120131104936071;68;40;41.17647058823529;"201707101400_201707101500";"2017-07-03 14:07:00"
33870;0;34;9.333333333333334;7.0;96.62564102564103;9.82983423184954;66;39;40.90909090909091;"201707101400_201707101500";"2017-07-03 14:07:00"
33893;0;44;9.044117647058824;2.5;133.08757682177352;11.53635890659499;68;38;44.11764705882353;"201707101400_201707101500";"2017-07-03 14:07:00"
33966;0;43;13.683544303797468;12.0;182.75754625121712;13.518784939898154;79;49;37.9746835443038;"201707101400_201707101500";"2017-07-03 14:07:00"
34048;0;42;21.0;24.5;275.48148148148147;16.597634815885108;28;20;28.57142857142857;"201707101400_201707101500";"2017-07-03 14:07:00"
34051;0;47;16.84;16.0;234.7085714285713;15.320201416057536;50;39;21.999999999999996;"201707101400_201707101500";"2017-07-03 14:07:00"
34059;0;38;11.73469387755102;8.0;170.44897959183672;13.055611038623843;49;31;36.73469387755102;"201707101400_201707101500";"2017-07-03 14:07:00"
34061;0;48;11.153846153846153;4.0;189.89538461538461;13.78025343073866;26;16;38.46153846153846;"201707101400_201707101500";"2017-07-03 14:07:00"
34090;0;45;17.364406779661017;17.0;174.71222656815877;13.217875266780164;118;100;15.254237288135597;"201707101400_201707101500";"2017-07-03 14:07:00"
34246;0;46;13.930555555555555;12.0;162.26271517996878;12.738238307551354;72;52;27.77777777777778;"201707101400_201707101500";"2017-07-03 14:07:00"
34414;0;34;9.16842105263158;3.0;108.69473684210527;10.42567680498994;95;55;42.10526315789473;"201707101400_201707101500";"2017-07-03 14:07:00"
34693;0;49;10.717391304347826;4.5;189.98502415458938;13.783505510376864;46;31;32.608695652173914;"201707101400_201707101500";"2017-07-03 14:07:00"
32879;0;41;14.493150684931507;14.0;192.47564687975648;13.873559272218376;73;47;35.61643835616438;"201707111400_201707111500";"2017-07-03 14:07:00"
32966;0;45;9.164556962025317;5.0;119.9090542610659;10.950299277237399;158;107;32.27848101265823;"201707111400_201707111500";"2017-07-03 14:07:00"
33030;0;33;10.444444444444445;5.5;156.02614379084966;12.491042542191972;18;11;38.888888888888886;"201707111400_201707111500";"2017-07-03 14:07:00"
33072;0;32;9.511627906976743;5.0;103.25581395348837;10.161486798371996;43;26;39.53488372093024;"201707111400_201707111500";"2017-07-03 14:07:00"
33112;0;45;11.097014925373134;7.0;137.42660756368534;11.722909517849455;134;87;35.07462686567165;"201707111400_201707111500";"2017-07-03 14:07:00"
33870;0;34;8.722222222222221;5.5;91.75157232704403;9.578704104785993;54;36;33.333333333333336;"201707111400_201707111500";"2017-07-03 14:07:00"
33893;0;38;7.419753086419753;1.0;99.32160493827162;9.966022523468007;81;45;44.44444444444444;"201707111400_201707111500";"2017-07-03 14:07:00"
33966;0;47;14.548076923076923;15.0;182.13358849887982;13.495687774206983;104;67;35.57692307692307;"201707111400_201707111500";"2017-07-03 14:07:00"
34048;0;40;13.9;13.0;165.47241379310347;12.863608117208152;30;21;30.000000000000004;"201707111400_201707111500";"2017-07-03 14:07:00"
34051;0;49;11.147058823529411;0.0;283.704991087344;16.843544492990304;34;15;55.88235294117647;"201707111400_201707111500";"2017-07-03 14:07:00"
34059;0;39;10.471698113207546;6.0;148.6386066763425;12.191743381335685;53;32;39.62264150943396;"201707111400_201707111500";"2017-07-03 14:07:00"
34061;0;41;14.107142857142858;12.0;160.46957671957668;12.667658691312166;28;19;32.14285714285714;"201707111400_201707111500";"2017-07-03 14:07:00"
34090;0;49;14.80281690140845;14.0;168.88282888822303;12.995492637380972;142;106;25.352112676056336;"201707111400_201707111500";"2017-07-03 14:07:00"
34246;0;43;9.112903225806452;4.0;129.80828743771306;11.393343997164004;124;79;36.29032258064516;"201707111400_201707111500";"2017-07-03 14:07:00"
34414;0;37;8.852272727272727;4.0;112.38022466039708;10.600953950489412;88;50;43.18181818181818;"201707111400_201707111500";"2017-07-03 14:07:00"
34693;0;51;14.491228070175438;14.0;197.0401002506267;14.03709728721101;57;42;26.315789473684216;"201707111400_201707111500";"2017-07-03 14:07:00"
32879;0;50;12.564935064935066;11.0;158.29967744673633;12.581719971718346;154;97;37.01298701298701;"201707121400_201707121500";"2017-07-03 14:07:00"
32966;0;37;9.695238095238095;2.0;135.09853479853479;11.623189527773123;105;62;40.95238095238095;"201707121400_201707121500";"2017-07-03 14:07:00"
33030;0;36;15.846153846153847;16.0;144.64102564102566;12.026679743014098;13;11;15.384615384615385;"201707121400_201707121500";"2017-07-03 14:07:00"
33072;0;36;4.140740740740741;0.0;74.50989496959649;8.631911431982866;135;32;76.29629629629629;"201707121400_201707121500";"2017-07-03 14:07:00"
33112;0;44;10.133333333333333;4.0;146.3640449438202;12.098100881701235;90;48;46.666666666666664;"201707121400_201707121500";"2017-07-03 14:07:00"
33870;0;34;9.833333333333334;8.0;103.18309859154932;10.15790817991329;72;48;33.333333333333336;"201707121400_201707121500";"2017-07-03 14:07:00"
33893;0;39;7.32051282051282;5.0;76.1946386946387;8.72895404356322;78;48;38.46153846153846;"201707121400_201707121500";"2017-07-03 14:07:00"
33966;0;52;15.714285714285714;16.0;172.1619047619047;13.121048157898999;91;66;27.472527472527474;"201707121400_201707121500";"2017-07-03 14:07:00"
34048;0;48;14.68;11.0;196.9766666666667;14.034837607420569;25;18;28.000000000000004;"201707121400_201707121500";"2017-07-03 14:07:00"
34051;0;46;15.605263157894736;11.5;249.92105263157887;15.80889156872103;38;30;21.052631578947366;"201707121400_201707121500";"2017-07-03 14:07:00"
34059;0;36;10.431372549019608;5.0;145.8501960784314;12.076845452287257;51;29;43.13725490196079;"201707121400_201707121500";"2017-07-03 14:07:00"
34061;0;57;16.181818181818183;16.0;224.15584415584414;14.97183502967636;22;15;31.818181818181824;"201707121400_201707121500";"2017-07-03 14:07:00"
34090;0;47;16.58490566037736;17.0;167.33293527585386;12.935723221987004;159;122;23.27044025157232;"201707121400_201707121500";"2017-07-03 14:07:00"
34246;0;36;11.666666666666666;9.0;136.4089635854342;11.67942479685683;120;85;29.166666666666664;"201707121400_201707121500";"2017-07-03 14:07:00"
34414;0;36;12.855421686746988;14.0;121.80811049074347;11.03667116891427;83;60;27.710843373493976;"201707121400_201707121500";"2017-07-03 14:07:00"
34693;0;49;12.465753424657533;7.0;189.14117199391177;13.752860502234135;73;55;24.65753424657534;"201707121400_201707121500";"2017-07-03 14:07:00"
32879;0;47;9.715384615384615;0.0;150.49976147883123;12.267834424984356;130;62;52.3076923076923;"201707131400_201707131500";"2017-07-03 14:07:00"
32966;0;42;8.088669950738916;1.0;126.3287323806271;11.239605526023905;203;107;47.29064039408867;"201707131400_201707131500";"2017-07-03 14:07:00"
33030;0;41;12.529411764705882;10.0;183.1397058823529;13.5329119513264;17;11;35.29411764705882;"201707131400_201707131500";"2017-07-03 14:07:00"
33072;0;26;6.217391304347826;0.0;68.35968379446639;8.267991521189797;23;10;56.52173913043479;"201707131400_201707131500";"2017-07-03 14:07:00"
33112;0;37;10.965116279069768;5.0;147.16347469220247;12.131095362423068;86;50;41.860465116279066;"201707131400_201707131500";"2017-07-03 14:07:00"
33870;0;37;10.741935483870968;11.0;104.292966684294;10.21239279915799;62;43;30.645161290322577;"201707131400_201707131500";"2017-07-03 14:07:00"
33893;0;28;7.455882352941177;1.0;86.0129499561018;9.274316684052891;68;36;47.05882352941176;"201707131400_201707131500";"2017-07-03 14:07:00"
33966;0;44;14.48;15.5;163.56525252525253;12.789263173664562;100;67;32.99999999999999;"201707131400_201707131500";"2017-07-03 14:07:00"
34048;0;45;16.210526315789473;14.0;196.13345864661656;14.00476556914169;57;43;24.561403508771928;"201707131400_201707131500";"2017-07-03 14:07:00"
34051;0;55;15.4;12.0;165.20740740740743;12.853303365571335;55;47;14.54545454545455;"201707131400_201707131500";"2017-07-03 14:07:00"
34059;0;44;15.5625;17.0;172.80452127659572;13.145513351581053;48;38;20.833333333333336;"201707131400_201707131500";"2017-07-03 14:07:00"
34061;0;51;15.307692307692308;12.0;221.42914979757083;14.880495616664481;39;26;33.333333333333336;"201707131400_201707131500";"2017-07-03 14:07:00"
34090;0;44;13.346846846846846;11.0;170.07372304431135;13.041231653655698;222;150;32.432432432432435;"201707131400_201707131500";"2017-07-03 14:07:00"
34246;0;37;13.152777777777779;10.5;141.93407668231612;11.91360888573719;72;54;25.0;"201707131400_201707131500";"2017-07-03 14:07:00"
34414;0;39;10.302752293577981;7.0;122.17601087325855;11.053325783367582;109;63;42.201834862385326;"201707131400_201707131500";"2017-07-03 14:07:00"
34693;0;48;7.012987012987013;2.0;102.80246069719756;10.139154831503342;77;43;44.15584415584416;"201707131400_201707131500";"2017-07-03 14:07:00"
32879;0;44;14.025210084033613;13.0;156.56715567582967;12.512679795944178;119;84;29.411764705882348;"201707141400_201707141500";"2017-07-03 14:07:00"
32966;0;123;11.023529411764706;2.0;360.66216498433687;18.99110752390015;170;98;42.352941176470594;"201707141400_201707141500";"2017-07-03 14:07:00"
33030;0;24;11.083333333333334;12.0;76.44696969696969;8.74339577606834;12;9;25.0;"201707141400_201707141500";"2017-07-03 14:07:00"
33072;0;34;12.061538461538461;9.0;134.33990384615387;11.590509214273283;65;45;30.76923076923077;"201707141400_201707141500";"2017-07-03 14:07:00"
33112;0;43;10.992248062015504;8.0;130.8046269379845;11.436985045805756;129;85;34.10852713178295;"201707141400_201707141500";"2017-07-03 14:07:00"
33870;0;34;7.508474576271187;3.0;91.87492694330801;9.58514094540649;59;34;42.3728813559322;"201707141400_201707141500";"2017-07-03 14:07:00"
33893;0;42;10.472727272727273;6.0;130.29090909090908;11.414504329619797;55;40;27.27272727272727;"201707141400_201707141500";"2017-07-03 14:07:00"
33966;0;42;14.854368932038835;14.0;169.89034837235874;13.034199184160059;103;71;31.06796116504854;"201707141400_201707141500";"2017-07-03 14:07:00"
34048;0;45;13.0;9.0;175.622641509434;13.252269296593472;54;39;27.77777777777778;"201707141400_201707141500";"2017-07-03 14:07:00"
34051;0;42;14.387096774193548;11.0;184.97849462365593;13.600679932402494;31;23;25.806451612903224;"201707141400_201707141500";"2017-07-03 14:07:00"
34059;0;39;11.793103448275861;8.0;156.72837265577743;12.519120282822488;58;36;37.93103448275862;"201707141400_201707141500";"2017-07-03 14:07:00"
34061;0;53;15.581395348837209;16.0;236.2015503875969;15.368850002117819;43;29;32.55813953488372;"201707141400_201707141500";"2017-07-03 14:07:00"
34090;0;46;13.769607843137255;13.0;174.78902250555393;13.220779950727337;204;140;31.372549019607842;"201707141400_201707141500";"2017-07-03 14:07:00"
34246;0;39;9.866666666666667;1.0;152.1935897435897;12.336676608535612;105;58;44.76190476190476;"201707141400_201707141500";"2017-07-03 14:07:00"
34414;0;46;10.87912087912088;7.0;151.70744810744807;12.316957745622418;91;50;45.05494505494505;"201707141400_201707141500";"2017-07-03 14:07:00"
34693;0;57;9.382352941176471;4.0;153.10535557506586;12.37357489067189;68;39;42.64705882352941;"201707141400_201707141500";"2017-07-03 14:07:00"
32879;0;48;16.349397590361445;16.0;217.66911548633564;14.75361364162474;83;55;33.734939759036145;"201707151400_201707151500";"2017-07-03 14:07:00"
32966;0;59;8.545945945945945;0.0;171.84706227967098;13.10904505597837;185;90;51.35135135135135;"201707151400_201707151500";"2017-07-03 14:07:00"
33072;0;34;14.521739130434783;15.0;173.4995169082125;13.171921534393245;46;31;32.608695652173914;"201707151400_201707151500";"2017-07-03 14:07:00"
33112;0;40;12.854166666666666;10.5;166.80806737588654;12.915419752214271;48;32;33.333333333333336;"201707151400_201707151500";"2017-07-03 14:07:00"
33870;0;41;12.622222222222222;12.0;134.0131313131313;11.576404075235596;45;34;24.444444444444446;"201707151400_201707151500";"2017-07-03 14:07:00"
33893;0;32;9.517241379310345;6.0;117.47290640394088;10.838491887893854;29;19;34.48275862068966;"201707151400_201707151500";"2017-07-03 14:07:00"
33966;0;50;16.47826086956522;17.0;203.3120204603581;14.258752415985;69;47;31.88405797101449;"201707151400_201707151500";"2017-07-03 14:07:00"
34048;0;51;18.625;19.5;273.7903225806451;16.546610607029017;32;23;28.125;"201707151400_201707151500";"2017-07-03 14:07:00"
34051;0;49;17.615384615384617;12.0;310.34817813765176;17.61670168157626;39;24;38.46153846153846;"201707151400_201707151500";"2017-07-03 14:07:00"
34059;0;40;12.303030303030303;7.0;184.59280303030303;13.586493404491941;33;21;36.36363636363637;"201707151400_201707151500";"2017-07-03 14:07:00"
34061;0;47;15.68;9.0;263.80999999999995;16.242228911082368;25;17;31.999999999999996;"201707151400_201707151500";"2017-07-03 14:07:00"
34090;0;48;15.104761904761904;13.0;213.51776556776562;14.612247108770287;105;71;32.38095238095238;"201707151400_201707151500";"2017-07-03 14:07:00"
34246;0;46;16.833333333333332;15.0;211.92907801418434;14.557784103845762;48;37;22.916666666666664;"201707151400_201707151500";"2017-07-03 14:07:00"
34414;0;44;11.520547945205479;4.0;181.7808219178082;13.482611835909546;73;39;46.57534246575342;"201707151400_201707151500";"2017-07-03 14:07:00"
34693;0;49;16.666666666666668;15.0;253.8181818181818;15.931672285676159;45;31;31.11111111111111;"201707151400_201707151500";"2017-07-03 14:07:00"
32879;0;49;18.695652173913043;21.0;281.5971867007672;16.780857746276478;69;45;34.78260869565217;"201707161400_201707161500";"2017-07-03 14:07:00"
32966;0;46;9.91304347826087;0.0;187.41739130434797;13.690047162239726;161;79;50.93167701863355;"201707161400_201707161500";"2017-07-03 14:07:00"
33072;0;33;10.555555555555555;5.5;150.02614379084966;12.24851598320587;18;10;44.44444444444444;"201707161400_201707161500";"2017-07-03 14:07:00"
33112;0;38;11.6;11.0;122.67368421052633;11.075815284236477;20;14;30.000000000000004;"201707161400_201707161500";"2017-07-03 14:07:00"
33870;0;34;14.064516129032258;14.0;130.92903225806447;11.44242248206491;31;23;25.806451612903224;"201707161400_201707161500";"2017-07-03 14:07:00"
33893;0;34;12.2;11.0;113.66666666666664;10.661457061146317;25;19;24.0;"201707161400_201707161500";"2017-07-03 14:07:00"
33966;0;37;21.428571428571427;24.0;122.72527472527472;11.078144010856454;14;12;14.28571428571429;"201707161400_201707161500";"2017-07-03 14:07:00"
34048;0;41;19.806451612903224;17.0;197.29462365591405;14.046160459567378;31;25;19.354838709677423;"201707161400_201707161500";"2017-07-03 14:07:00"
34051;0;56;21.5531914893617;21.0;262.904717853839;16.214336799691775;47;39;17.021276595744684;"201707161400_201707161500";"2017-07-03 14:07:00"
34059;0;52;20.666666666666668;25.0;177.30630630630628;13.315641415504786;75;61;18.666666666666664;"201707161400_201707161500";"2017-07-03 14:07:00"
34246;0;38;12.711538461538462;10.5;150.3661387631976;12.262387155982216;52;39;25.0;"201707161400_201707161500";"2017-07-03 14:07:00"
34414;0;44;15.694444444444445;14.5;215.36111111111111;14.675186919120012;36;25;30.555555555555557;"201707161400_201707161500";"2017-07-03 14:07:00"
34693;0;46;21.375;21.5;283.33870967741933;16.832667931062485;32;27;15.625;"201707161400_201707161500";"2017-07-03 14:07:00"
32879;0;42;14.472868217054264;14.0;182.23558624031;13.49946614649298;129;85;34.10852713178295;"201707171400_201707171500";"2017-07-03 14:07:00"
32966;0;50;10.529411764705882;5.0;161.6160657811512;12.712830754051247;187;114;39.037433155080215;"201707171400_201707171500";"2017-07-03 14:07:00"
33030;0;40;9.153846153846153;5.0;143.64102564102564;11.985033401748433;13;10;23.076923076923073;"201707171400_201707171500";"2017-07-03 14:07:00"
33072;0;43;13.375;13.5;159.76590909090916;12.639853998006036;56;42;25.0;"201707171400_201707171500";"2017-07-03 14:07:00"
33112;0;51;10.459183673469388;1.5;156.64264674942135;12.5156960153809;98;55;43.87755102040817;"201707171400_201707171500";"2017-07-03 14:07:00"
33870;0;37;10.257142857142858;6.0;128.30973084886125;11.327388527320021;70;42;40.0;"201707171400_201707171500";"2017-07-03 14:07:00"
33893;0;30;7.414285714285715;0.0;107.02877846790891;10.345471399018457;70;34;51.42857142857142;"201707171400_201707171500";"2017-07-03 14:07:00"
33966;0;46;14.78640776699029;12.0;189.15000951837044;13.753181796165222;103;71;31.06796116504854;"201707171400_201707171500";"2017-07-03 14:07:00"
34048;0;45;16.6231884057971;17.0;233.62063086104013;15.284653442621462;69;48;30.434782608695656;"201707171400_201707171500";"2017-07-03 14:07:00"
34051;0;56;15.4;13.0;236.02222222222227;15.36301475043952;55;39;29.09090909090909;"201707171400_201707171500";"2017-07-03 14:07:00"
34059;0;36;13.297872340425531;13.0;163.5615171137835;12.789117135822297;47;32;31.914893617021278;"201707171400_201707171500";"2017-07-03 14:07:00"
34061;0;45;15.232558139534884;16.0;202.75415282392026;14.239176690522534;43;29;32.55813953488372;"201707171400_201707171500";"2017-07-03 14:07:00"
34090;0;42;13.737967914438503;12.0;154.35570122477137;12.423996990693912;187;145;22.459893048128343;"201707171400_201707171500";"2017-07-03 14:07:00"
34246;0;46;11.333333333333334;5.0;160.2606060606061;12.65940780844847;111;77;30.630630630630627;"201707171400_201707171500";"2017-07-03 14:07:00"
34414;0;43;12.343137254901961;11.0;142.44544748592506;11.935051214214585;102;66;35.29411764705882;"201707171400_201707171500";"2017-07-03 14:07:00"
34693;0;46;8.738095238095237;2.0;141.2558806655192;11.885111722887554;84;58;30.952380952380953;"201707171400_201707171500";"2017-07-03 14:07:00"
32879;0;44;14.025862068965518;12.5;193.29497751124435;13.903056408978724;116;71;38.793103448275865;"201707181400_201707181500";"2017-07-03 14:07:00"
32966;0;43;7.353211009174312;1.0;116.77328457278148;10.806168820298037;218;116;46.78899082568807;"201707181400_201707181500";"2017-07-03 14:07:00"
33072;0;35;11.566037735849056;6.0;133.1734397677794;11.540079712366783;53;38;28.301886792452834;"201707181400_201707181500";"2017-07-03 14:07:00"
33112;0;43;12.6;8.0;177.56451612903226;13.32533362167838;125;80;36.0;"201707181400_201707181500";"2017-07-03 14:07:00"
33870;0;36;12.04054054054054;11.0;129.71066271751207;11.389058903944262;74;50;32.432432432432435;"201707181400_201707181500";"2017-07-03 14:07:00"
33893;0;33;10.405797101449275;7.0;113.47996589940323;10.65269758790717;69;46;33.333333333333336;"201707181400_201707181500";"2017-07-03 14:07:00"
33966;0;44;14.872549019607844;16.0;197.1816152203455;14.042137131517606;102;64;37.254901960784316;"201707181400_201707181500";"2017-07-03 14:07:00"
34048;0;50;16.375;11.5;266.0204545454545;16.310133492570028;56;40;28.57142857142857;"201707181400_201707181500";"2017-07-03 14:07:00"
34051;0;42;12.068965517241379;8.0;172.97761645493043;13.15209551573172;58;37;36.206896551724135;"201707181400_201707181500";"2017-07-03 14:07:00"
34059;0;44;11.552631578947368;8.0;173.33499288762445;13.165674798035399;38;23;39.473684210526315;"201707181400_201707181500";"2017-07-03 14:07:00"
34061;0;54;14.76595744680851;10.0;238.2266419981499;15.434592381988903;47;34;27.6595744680851;"201707181400_201707181500";"2017-07-03 14:07:00"
34090;0;44;13.909090909090908;12.0;158.22287390029325;12.578667413533648;187;130;30.481283422459892;"201707181400_201707181500";"2017-07-03 14:07:00"
34246;0;53;13.75;10.0;195.90090090090098;13.996460298979203;112;75;33.03571428571429;"201707181400_201707181500";"2017-07-03 14:07:00"
34414;0;42;10.534090909090908;5.5;149.03330721003132;12.207919855980023;88;48;45.45454545454546;"201707181400_201707181500";"2017-07-03 14:07:00"
34693;0;49;10.137931034482758;3.0;180.33151845130072;13.428757144698862;58;38;34.48275862068966;"201707181400_201707181500";"2017-07-03 14:07:00"
32879;0;49;12.656862745098039;10.0;164.68307124830136;12.832890214145111;102;62;39.21568627450981;"201707191400_201707191500";"2017-07-03 14:07:00"
32966;0;41;7.804979253112033;1.0;134.04930843706782;11.577966506993697;241;122;49.37759336099585;"201707191400_201707191500";"2017-07-03 14:07:00"
33030;0;29;10.176470588235293;5.0;139.65441176470588;11.817546774381977;17;12;29.411764705882348;"201707191400_201707191500";"2017-07-03 14:07:00"
33072;0;39;9.298245614035087;6.0;111.17731829573934;10.544065548721676;57;32;43.85964912280702;"201707191400_201707191500";"2017-07-03 14:07:00"
33112;0;33;8.481481481481481;4.0;96.85814116002794;9.841653375324084;54;31;42.592592592592595;"201707191400_201707191500";"2017-07-03 14:07:00"
33870;0;30;9.723684210526315;6.0;110.46929824561404;10.510437585829338;76;47;38.1578947368421;"201707191400_201707191500";"2017-07-03 14:07:00"
33893;0;32;9.25;8.5;95.75;9.785192895390463;60;38;36.66666666666667;"201707191400_201707191500";"2017-07-03 14:07:00"
33966;0;37;12.962962962962964;13.5;164.14954577218728;12.812085925882142;54;32;40.74074074074075;"201707191400_201707191500";"2017-07-03 14:07:00"
34048;0;54;16.90909090909091;19.0;217.0471380471381;14.732519745350356;55;41;25.454545454545453;"201707191400_201707191500";"2017-07-03 14:07:00"
34051;0;51;15.630434782608695;10.5;251.7492753623189;15.866608817334564;46;35;23.913043478260864;"201707191400_201707191500";"2017-07-03 14:07:00"
34059;0;39;12.884615384615385;8.5;147.0452488687783;12.126221541303718;52;38;26.923076923076927;"201707191400_201707191500";"2017-07-03 14:07:00"
34061;0;53;16.74468085106383;14.0;214.4551341350601;14.644286740400165;47;36;23.404255319148938;"201707191400_201707191500";"2017-07-03 14:07:00"
34090;0;46;14.95897435897436;13.0;182.08078244779264;13.49373122778843;195;147;24.615384615384617;"201707191400_201707191500";"2017-07-03 14:07:00"
34246;0;51;9.796610169491526;5.0;145.5720338983051;12.065323613492723;177;113;36.15819209039548;"201707191400_201707191500";"2017-07-03 14:07:00"
34414;0;37;10.980392156862745;5.5;147.6035721219181;12.149221050006378;102;57;44.11764705882353;"201707191400_201707191500";"2017-07-03 14:07:00"
34693;0;45;9.614285714285714;4.0;145.10993788819874;12.046158636187668;70;57;18.571428571428573;"201707191400_201707191500";"2017-07-03 14:07:00"
32879;0;51;14.233333333333333;14.5;193.21460674157305;13.900165709140774;90;60;33.333333333333336;"201707201400_201707201500";"2017-07-03 14:07:00"
32966;0;48;7.962790697674419;1.0;123.74627254944582;11.124130192938495;215;128;40.46511627906977;"201707201400_201707201500";"2017-07-03 14:07:00"
33030;0;33;13.125;12.0;158.91666666666669;12.60621539823379;16;12;25.0;"201707201400_201707201500";"2017-07-03 14:07:00"
33072;0;37;12.254545454545454;12.0;137.6377104377104;11.731909922843357;55;39;29.09090909090909;"201707201400_201707201500";"2017-07-03 14:07:00"
33112;0;46;12.2;7.0;173.35238095238094;13.166335137477738;85;48;43.529411764705884;"201707201400_201707201500";"2017-07-03 14:07:00"
33870;0;35;7.91358024691358;1.0;95.07993827160495;9.750894229331223;81;52;35.802469135802475;"201707201400_201707201500";"2017-07-03 14:07:00"
33893;0;40;7.4603174603174605;0.0;137.7363031233999;11.736111073238865;63;30;52.38095238095239;"201707201400_201707201500";"2017-07-03 14:07:00"
33966;0;46;14.674418604651162;12.0;185.59629360465107;13.623373062668843;129;85;34.10852713178295;"201707201400_201707201500";"2017-07-03 14:07:00"
34048;0;44;17.155555555555555;18.0;203.17979797979797;14.254115124405232;45;34;24.444444444444446;"201707201400_201707201500";"2017-07-03 14:07:00"
34051;0;55;12.431034482758621;8.0;212.53024803387777;14.578417199198196;58;38;34.48275862068966;"201707201400_201707201500";"2017-07-03 14:07:00"
34059;0;37;13.892857142857142;10.0;163.37012987012983;12.781632519757789;56;40;28.57142857142857;"201707201400_201707201500";"2017-07-03 14:07:00"
34061;0;41;13.030303030303031;10.0;176.53030303030303;13.286470676229374;33;22;33.333333333333336;"201707201400_201707201500";"2017-07-03 14:07:00"
34090;0;50;15.046666666666667;12.5;171.01123042505589;13.077126229606254;150;119;20.666666666666668;"201707201400_201707201500";"2017-07-03 14:07:00"
34246;0;37;11.26126126126126;10.0;124.24930384930383;11.14671717813383;111;73;34.23423423423423;"201707201400_201707201500";"2017-07-03 14:07:00"
34414;0;37;9.707692307692307;3.5;127.49528920691709;11.29138119128555;130;74;43.07692307692308;"201707201400_201707201500";"2017-07-03 14:07:00"
34693;0;45;11.27450980392157;6.0;160.72313725490193;12.677662925590896;51;31;39.21568627450981;"201707201400_201707201500";"2017-07-03 14:07:00"
32879;0;48;11.619047619047619;10.0;157.23809523809524;12.53946152105804;105;61;41.9047619047619;"201707211400_201707211500";"2017-07-03 14:07:00"
32966;0;45;12.189024390243903;9.0;162.44871315277564;12.745536989580927;164;111;32.3170731707317;"201707211400_201707211500";"2017-07-03 14:07:00"
33030;0;29;10.583333333333334;10.0;86.26515151515149;9.287903504836358;12;10;16.666666666666664;"201707211400_201707211500";"2017-07-03 14:07:00"
33072;0;92;14.23076923076923;12.5;365.5446153846154;19.11922109774913;26;18;30.76923076923077;"201707211400_201707211500";"2017-07-03 14:07:00"
33112;0;129;12.967320261437909;7.0;304.2423460612315;17.442544139581;153;87;43.13725490196079;"201707211400_201707211500";"2017-07-03 14:07:00"
33870;0;27;7.412698412698413;6.0;67.43983614951357;8.212176090995222;63;41;34.92063492063492;"201707211400_201707211500";"2017-07-03 14:07:00"
33893;0;38;10.222222222222221;8.0;112.17676767676768;10.591353439328124;45;30;33.333333333333336;"201707211400_201707211500";"2017-07-03 14:07:00"
33966;0;46;13.936842105263159;12.0;190.0810750279955;13.786989338793132;95;56;41.05263157894738;"201707211400_201707211500";"2017-07-03 14:07:00"
34048;0;46;14.48;12.5;206.13224489795925;14.35730632458468;50;34;31.999999999999996;"201707211400_201707211500";"2017-07-03 14:07:00"
34051;0;61;16.13953488372093;10.0;294.7419712070875;17.16805088549913;43;30;30.23255813953488;"201707211400_201707211500";"2017-07-03 14:07:00"
34059;0;39;10.981132075471699;9.0;125.86502177068215;11.218958141052232;53;37;30.188679245283023;"201707211400_201707211500";"2017-07-03 14:07:00"
34061;0;44;14.422222222222222;13.0;194.61313131313128;13.950381045445722;45;30;33.333333333333336;"201707211400_201707211500";"2017-07-03 14:07:00"
34090;0;42;14.806282722513089;15.0;157.5464866354368;12.551752333257568;191;139;27.225130890052352;"201707211400_201707211500";"2017-07-03 14:07:00"
34246;0;50;9.77304964539007;7.0;110.79098277608917;10.525729560277005;141;104;26.241134751773053;"201707211400_201707211500";"2017-07-03 14:07:00"
34414;0;46;12.371134020618557;8.0;165.11082474226808;12.849545701785262;97;65;32.98969072164949;"201707211400_201707211500";"2017-07-03 14:07:00"
34693;0;45;8.440860215053764;3.0;141.70570359981298;11.90402048048528;93;55;40.86021505376344;"201707211400_201707211500";"2017-07-03 14:07:00"
32879;0;50;20.36842105263158;21.0;270.7157894736842;16.453443088718064;76;59;22.368421052631582;"201707221400_201707221500";"2017-07-03 14:07:00"
32966;0;52;11.1;6.0;182.82885906040266;13.521422227724518;150;93;38.0;"201707221400_201707221500";"2017-07-03 14:07:00"
33072;0;38;16.65;19.5;185.81842105263158;13.631523064303254;20;15;25.0;"201707221400_201707221500";"2017-07-03 14:07:00"
33112;0;42;13.333333333333334;12.5;149.9290780141844;12.244552993645149;48;31;35.416666666666664;"201707221400_201707221500";"2017-07-03 14:07:00"
33870;0;36;12.91304347826087;9.0;172.08300395256916;13.118041162939273;23;15;34.78260869565217;"201707221400_201707221500";"2017-07-03 14:07:00"
33893;0;35;11.419354838709678;9.0;136.91827956989246;11.701208466218029;31;21;32.25806451612904;"201707221400_201707221500";"2017-07-03 14:07:00"
33966;0;48;19.857142857142858;21.5;248.00828157349895;15.748278686050071;70;51;27.142857142857146;"201707221400_201707221500";"2017-07-03 14:07:00"
34048;0;45;14.297297297297296;13.0;203.82582582582583;14.276758239384241;37;24;35.13513513513513;"201707221400_201707221500";"2017-07-03 14:07:00"
34051;0;53;18.428571428571427;14.5;387.49450549450546;19.684880123955683;14;10;28.57142857142857;"201707221400_201707221500";"2017-07-03 14:07:00"
34059;0;30;13.129032258064516;14.0;144.91612903225808;12.038111522670741;31;22;29.032258064516125;"201707221400_201707221500";"2017-07-03 14:07:00"
34061;0;46;18.096774193548388;17.0;302.0236559139785;17.378827806097235;31;21;32.25806451612904;"201707221400_201707221500";"2017-07-03 14:07:00"
34090;0;48;17.54320987654321;17.0;199.07623456790128;14.109437783551167;81;65;19.753086419753085;"201707221400_201707221500";"2017-07-03 14:07:00"
34246;0;45;19.054545454545455;19.0;195.12659932659935;13.968772291314629;55;46;16.36363636363637;"201707221400_201707221500";"2017-07-03 14:07:00"
34414;0;45;17.155172413793103;15.5;199.4667271627344;14.123268997039403;58;45;22.413793103448278;"201707221400_201707221500";"2017-07-03 14:07:00"
34693;0;57;18.244444444444444;21.0;235.91616161616156;15.359562546380074;45;33;26.66666666666667;"201707221400_201707221500";"2017-07-03 14:07:00"
32879;0;43;19.56;18.5;213.88408163265308;14.624776293422512;50;38;24.0;"201707231400_201707231500";"2017-07-03 14:07:00"
32966;0;56;14.9453125;11.0;232.63478100393692;15.252369684869853;128;92;28.125;"201707231400_201707231500";"2017-07-03 14:07:00"
33072;0;34;19.0;19.5;117.53846153846152;10.841515647660225;14;13;7.14285714285714;"201707231400_201707231500";"2017-07-03 14:07:00"
33112;0;45;18.6;17.0;235.1142857142857;15.333436852652627;15;11;26.66666666666667;"201707231400_201707231500";"2017-07-03 14:07:00"
33870;0;44;4.846153846153846;0.0;110.61538461538464;10.517384875309292;26;7;73.07692307692308;"201707231400_201707231500";"2017-07-03 14:07:00"
33893;0;31;13.96551724137931;10.0;122.03448275862068;11.046921868041824;29;25;13.793103448275868;"201707231400_201707231500";"2017-07-03 14:07:00"
33966;0;45;18.756756756756758;21.0;208.46696696696694;14.438385192498743;37;27;27.027027027027028;"201707231400_201707231500";"2017-07-03 14:07:00"
34048;0;46;26.193548387096776;29.0;190.094623655914;13.787480685604386;31;26;16.129032258064512;"201707231400_201707231500";"2017-07-03 14:07:00"
34051;0;52;18.473684210526315;20.0;294.2631578947369;17.154100323092926;19;13;31.57894736842105;"201707231400_201707231500";"2017-07-03 14:07:00"
34059;0;45;13.931506849315069;14.0;189.28691019786913;13.758157950753041;73;50;31.506849315068497;"201707231400_201707231500";"2017-07-03 14:07:00"
34246;0;46;14.692307692307692;6.5;265.5897435897436;16.296924359821507;52;32;38.46153846153846;"201707231400_201707231500";"2017-07-03 14:07:00"
34414;0;37;11.07843137254902;6.0;149.83372549019606;12.240658703280475;51;30;41.17647058823529;"201707231400_201707231500";"2017-07-03 14:07:00"
34693;0;52;15.105263157894736;9.0;295.4327485380117;17.18815721763132;19;11;42.10526315789473;"201707231400_201707231500";"2017-07-03 14:07:00"
32879;0;40;12.756302521008404;10.0;162.101125195841;12.731894014475655;119;75;36.97478991596639;"201707241400_201707241500";"2017-07-03 14:07:00"
32966;0;41;8.52608695652174;1.0;124.8792291627112;11.174937546255514;230;130;43.47826086956522;"201707241400_201707241500";"2017-07-03 14:07:00"
33030;0;37;16.8;15.0;214.62222222222223;14.649990519526702;10;8;19.999999999999996;"201707241400_201707241500";"2017-07-03 14:07:00"
33072;0;52;12.267857142857142;10.5;148.05422077922074;12.167753316829724;56;40;28.57142857142857;"201707241400_201707241500";"2017-07-03 14:07:00"
33112;0;43;8.890243902439025;0.0;161.4075579644685;12.704627423284341;82;35;57.31707317073172;"201707241400_201707241500";"2017-07-03 14:07:00"
33870;0;42;10.614285714285714;9.0;109.71863354037264;10.474666273460583;70;55;21.42857142857143;"201707241400_201707241500";"2017-07-03 14:07:00"
33893;0;38;7.88;3.0;96.64756756756759;9.83094947436755;75;51;31.999999999999996;"201707241400_201707241500";"2017-07-03 14:07:00"
33966;0;45;15.202702702702704;15.5;189.69807478711584;13.773092419174274;74;49;33.78378378378378;"201707241400_201707241500";"2017-07-03 14:07:00"
34048;0;43;20.37037037037037;22.0;212.70370370370372;14.584365042870523;27;22;18.518518518518523;"201707241400_201707241500";"2017-07-03 14:07:00"
34051;0;48;16.0;16.0;240.95999999999995;15.522886329545802;51;35;31.372549019607842;"201707241400_201707241500";"2017-07-03 14:07:00"
34059;0;39;10.530303030303031;6.5;136.0067599067599;11.662193614700447;66;41;37.878787878787875;"201707241400_201707241500";"2017-07-03 14:07:00"
34061;0;51;13.95;11.0;205.6897435897436;14.341887727553289;40;28;30.000000000000004;"201707241400_201707241500";"2017-07-03 14:07:00"
34090;0;43;13.043795620437956;10.0;176.08630313439244;13.269751434536836;137;88;35.76642335766424;"201707241400_201707241500";"2017-07-03 14:07:00"
34246;0;43;11.701149425287356;8.0;149.2352312215985;12.21618726205515;87;66;24.13793103448276;"201707241400_201707241500";"2017-07-03 14:07:00"
34414;0;43;11.604395604395604;7.0;157.70842490842492;12.558201499754052;91;58;36.26373626373627;"201707241400_201707241500";"2017-07-03 14:07:00"
34693;0;43;6.544117647058823;1.0;131.92339771729579;11.485791122830669;68;35;48.529411764705884;"201707241400_201707241500";"2017-07-03 14:07:00"
32879;0;50;12.386666666666667;5.5;199.12465324384786;14.111153505077034;150;79;47.333333333333336;"201707251400_201707251500";"2017-07-03 14:07:00"
32966;0;38;8.458333333333334;2.0;117.67364746945891;10.8477484977049;192;127;33.854166666666664;"201707251400_201707251500";"2017-07-03 14:07:00"
33030;0;34;21.833333333333332;23.0;153.36666666666667;12.384129628951188;6;5;16.666666666666664;"201707251400_201707251500";"2017-07-03 14:07:00"
33072;0;96;13.618181818181819;11.0;298.4996632996633;17.27714279907599;55;40;27.27272727272727;"201707251400_201707251500";"2017-07-03 14:07:00"
33112;0;42;11.89090909090909;10.0;154.31826522101753;12.422490298688807;110;69;37.272727272727266;"201707251400_201707251500";"2017-07-03 14:07:00"
33870;0;38;7.5;1.5;97.61016949152543;9.87978590312186;60;35;41.666666666666664;"201707251400_201707251500";"2017-07-03 14:07:00"
33893;0;32;9.0;2.0;116.97674418604653;10.815578772587555;44;29;34.09090909090909;"201707251400_201707251500";"2017-07-03 14:07:00"
33966;0;49;15.538461538461538;14.5;182.7239819004525;13.517543486168353;52;38;26.923076923076927;"201707251400_201707251500";"2017-07-03 14:07:00"
34048;0;47;13.391304347826088;10.5;200.33236714975845;14.153881699016651;46;33;28.260869565217394;"201707251400_201707251500";"2017-07-03 14:07:00"
34051;0;40;15.225;12.5;190.4352564102564;13.799828129736124;40;30;25.0;"201707251400_201707251500";"2017-07-03 14:07:00"
34059;0;42;11.966666666666667;10.0;155.11751412429382;12.45461818460501;60;39;35.0;"201707251400_201707251500";"2017-07-03 14:07:00"
34061;0;52;14.4375;13.5;212.29388297872342;14.570308266427427;48;35;27.083333333333336;"201707251400_201707251500";"2017-07-03 14:07:00"
34090;0;45;13.856209150326798;12.0;181.9133986928105;13.487527523338386;153;111;27.450980392156865;"201707251400_201707251500";"2017-07-03 14:07:00"
34246;0;39;11.415254237288135;9.0;134.34745762711867;11.590835070309588;118;85;27.966101694915256;"201707251400_201707251500";"2017-07-03 14:07:00"
34414;0;39;11.6;10.5;128.3232323232324;11.327984477533168;100;68;31.999999999999996;"201707251400_201707251500";"2017-07-03 14:07:00"
34693;0;46;11.196078431372548;9.0;106.04078431372547;10.29761061187135;51;43;15.686274509803921;"201707251400_201707251500";"2017-07-03 14:07:00"
32879;0;39;12.043478260869565;7.5;169.12218343383043;13.004698513761495;138;79;42.7536231884058;"201707261400_201707261500";"2017-07-03 14:07:00"
32966;0;47;9.442211055276381;5.0;129.97517892492766;11.400665722883364;199;122;38.69346733668342;"201707261400_201707261500";"2017-07-03 14:07:00"
33030;0;37;14.846153846153847;12.0;185.64102564102564;13.625014702415026;13;10;23.076923076923073;"201707261400_201707261500";"2017-07-03 14:07:00"
33072;0;40;11.12280701754386;10.0;138.85964912280704;11.783872416264826;57;33;42.10526315789473;"201707261400_201707261500";"2017-07-03 14:07:00"
33112;0;49;10.67816091954023;8.0;142.33707564822245;11.930510284485843;87;58;33.333333333333336;"201707261400_201707261500";"2017-07-03 14:07:00"
33870;0;31;9.430555555555555;3.0;115.00919405320812;10.724233961137184;72;40;44.44444444444444;"201707261400_201707261500";"2017-07-03 14:07:00"
33893;0;37;9.175438596491228;6.0;114.36152882205513;10.69399498887367;57;38;33.333333333333336;"201707261400_201707261500";"2017-07-03 14:07:00"
33966;0;38;14.7012987012987;12.0;180.94907723855098;13.451731384418549;77;54;29.87012987012987;"201707261400_201707261500";"2017-07-03 14:07:00"
34048;0;36;19.823529411764707;26.0;176.40441176470586;13.281732257680316;17;15;11.764705882352944;"201707261400_201707261500";"2017-07-03 14:07:00"
34051;0;43;14.209302325581396;12.0;181.6932447397564;13.479363662271169;43;31;27.906976744186053;"201707261400_201707261500";"2017-07-03 14:07:00"
34059;0;36;10.779661016949152;4.0;164.34716540035066;12.819795840821751;59;34;42.3728813559322;"201707261400_201707261500";"2017-07-03 14:07:00"
34061;0;54;13.528301886792454;9.0;237.6386066763426;15.415531345897312;53;34;35.84905660377359;"201707261400_201707261500";"2017-07-03 14:07:00"
34090;0;42;13.084745762711865;9.0;175.03255007704152;13.229986775391785;177;125;29.378531073446325;"201707261400_201707261500";"2017-07-03 14:07:00"
34246;0;39;11.766233766233766;9.0;137.9709501025291;11.746103613646914;77;55;28.57142857142857;"201707261400_201707261500";"2017-07-03 14:07:00"
34414;0;40;11.775510204081632;9.0;152.15527035556494;12.335123443061482;98;60;38.775510204081634;"201707261400_201707261500";"2017-07-03 14:07:00"
34693;0;47;10.142857142857142;5.5;140.09523809523807;11.836183426055802;70;47;32.85714285714286;"201707261400_201707261500";"2017-07-03 14:07:00"
32879;0;44;14.34375;12.0;189.59638157894742;13.76940018951252;96;62;35.416666666666664;"201707271400_201707271500";"2017-07-03 14:07:00"
32966;0;48;10.771028037383177;5.5;150.8815979992102;12.28338707357259;214;137;35.981308411214954;"201707271400_201707271500";"2017-07-03 14:07:00"
33030;0;36;12.76923076923077;13.0;145.02564102564102;12.042659217367277;13;11;15.384615384615385;"201707271400_201707271500";"2017-07-03 14:07:00"
33072;0;34;11.613636363636363;8.5;120.70771670190274;10.986706362777825;44;32;27.27272727272727;"201707271400_201707271500";"2017-07-03 14:07:00"
33112;0;49;10.031496062992126;5.0;134.0307461567305;11.577164858320472;127;75;40.944881889763785;"201707271400_201707271500";"2017-07-03 14:07:00"
33870;0;28;9.272727272727273;7.0;95.35016835016839;9.764741079525272;55;37;32.72727272727273;"201707271400_201707271500";"2017-07-03 14:07:00"
33893;0;30;7.02;1.5;76.18326530612244;8.728302544373816;50;31;38.0;"201707271400_201707271500";"2017-07-03 14:07:00"
33966;0;44;14.705882352941176;13.5;197.9420544337138;14.06918812276365;68;42;38.23529411764706;"201707271400_201707271500";"2017-07-03 14:07:00"
34048;0;47;20.2;19.0;195.60000000000002;13.985706989637672;40;33;17.500000000000004;"201707271400_201707271500";"2017-07-03 14:07:00"
34051;0;48;8.355263157894736;1.0;146.52543859649123;12.1047692500308;76;39;48.68421052631579;"201707271400_201707271500";"2017-07-03 14:07:00"
34059;0;43;11.935064935064934;8.0;155.82467532467535;12.482975419533412;77;51;33.76623376623377;"201707271400_201707271500";"2017-07-03 14:07:00"
34061;0;50;12.223880597014926;0.0;277.1763907734057;16.648615280959728;67;31;53.73134328358209;"201707271400_201707271500";"2017-07-03 14:07:00"
34090;0;47;12.98611111111111;9.5;173.31449106449102;13.164896166111262;144;102;29.166666666666664;"201707271400_201707271500";"2017-07-03 14:07:00"
34246;0;37;12.168831168831169;10.0;143.9842788790157;11.999344935412754;77;52;32.467532467532465;"201707271400_201707271500";"2017-07-03 14:07:00"
34414;0;45;11.832;10.0;141.3667096774194;11.889773323214342;125;86;31.200000000000006;"201707271400_201707271500";"2017-07-03 14:07:00"
34693;0;44;11.530303030303031;8.0;137.2067599067599;11.713528926278363;66;53;19.696969696969703;"201707271400_201707271500";"2017-07-03 14:07:00"
32879;0;43;13.885964912280702;11.0;172.73909330849247;13.143024511446841;114;78;31.57894736842105;"201707281400_201707281500";"2017-07-03 14:07:00"
32966;0;46;7.642585551330798;1.0;131.65039328940875;11.473900526386341;263;140;46.7680608365019;"201707281400_201707281500";"2017-07-03 14:07:00"
33030;2;33;18.833333333333332;15.5;128.33333333333334;11.32843031197762;12;12;0.0;"201707281400_201707281500";"2017-07-03 14:07:00"
33072;0;37;12.2;10.0;158.04705882352943;12.571676850107524;35;21;40.0;"201707281400_201707281500";"2017-07-03 14:07:00"
33112;0;42;9.666666666666666;5.0;145.8504672897196;12.076856680847033;108;59;45.370370370370374;"201707281400_201707281500";"2017-07-03 14:07:00"
33870;0;47;12.068493150684931;10.0;156.34246575342465;12.50369808310424;73;47;35.61643835616438;"201707281400_201707281500";"2017-07-03 14:07:00"
33893;0;40;5.95945945945946;1.0;87.43669011477235;9.350758798876823;74;42;43.24324324324324;"201707281400_201707281500";"2017-07-03 14:07:00"
33966;0;40;14.597402597402597;14.0;184.9278879015721;13.598819356899043;77;49;36.36363636363637;"201707281400_201707281500";"2017-07-03 14:07:00"
34048;0;43;16.45762711864407;16.0;190.114552893045;13.788203396129786;59;46;22.033898305084744;"201707281400_201707281500";"2017-07-03 14:07:00"
34051;0;45;10.541666666666666;3.0;168.08514492753625;12.964765517645748;24;16;33.333333333333336;"201707281400_201707281500";"2017-07-03 14:07:00"
34059;0;46;12.5;9.5;183.32222222222225;13.539653696539741;46;31;32.608695652173914;"201707281400_201707281500";"2017-07-03 14:07:00"
34061;0;43;13.9;9.5;195.6103448275862;13.986076820452054;30;20;33.333333333333336;"201707281400_201707281500";"2017-07-03 14:07:00"
34090;0;39;14.913333333333334;16.0;160.32129753914995;12.661804671497265;150;109;27.333333333333332;"201707281400_201707281500";"2017-07-03 14:07:00"
34246;0;38;10.443661971830986;6.5;130.73084606932377;11.433759052443067;142;102;28.169014084507037;"201707281400_201707281500";"2017-07-03 14:07:00"
34414;0;40;10.919191919191919;4.0;140.09544423830135;11.83619213422549;99;61;38.38383838383839;"201707281400_201707281500";"2017-07-03 14:07:00"
34693;0;40;9.94;2.0;173.44530612244898;13.169863557472757;50;28;43.99999999999999;"201707281400_201707281500";"2017-07-03 14:07:00"
32879;0;53;15.94059405940594;18.0;201.25643564356432;14.186487783928914;101;69;31.68316831683168;"201707291400_201707291500";"2017-07-03 14:07:00"
32966;0;51;12.693989071038251;9.0;172.0267219119678;13.11589577238123;183;137;25.136612021857918;"201707291400_201707291500";"2017-07-03 14:07:00"
33072;0;39;12.146341463414634;11.0;161.92804878048779;12.725095236597948;41;24;41.463414634146346;"201707291400_201707291500";"2017-07-03 14:07:00"
33112;0;44;12.50909090909091;7.0;189.18047138047135;13.754289199390543;55;36;34.54545454545455;"201707291400_201707291500";"2017-07-03 14:07:00"
33870;0;29;12.852941176470589;16.0;94.43226381461673;9.717626449633508;34;28;17.647058823529417;"201707291400_201707291500";"2017-07-03 14:07:00"
33893;0;43;7.046875;1.5;116.39459325396827;10.788632594261808;64;46;28.125;"201707291400_201707291500";"2017-07-03 14:07:00"
33966;0;45;15.18840579710145;16.0;186.00809889173058;13.638478613530564;69;46;33.333333333333336;"201707291400_201707291500";"2017-07-03 14:07:00"
34048;0;52;21.291666666666668;17.5;370.2155797101449;19.24098697338951;24;17;29.166666666666664;"201707291400_201707291500";"2017-07-03 14:07:00"
34051;0;44;16.884615384615383;9.0;239.38615384615383;15.472108901056567;26;20;23.076923076923073;"201707291400_201707291500";"2017-07-03 14:07:00"
34059;0;44;16.195652173913043;17.0;208.8275362318841;14.45086627963473;46;34;26.086956521739136;"201707291400_201707291500";"2017-07-03 14:07:00"
34061;0;55;18.323529411764707;18.0;250.83155080213913;15.837662415967172;34;27;20.588235294117652;"201707291400_201707291500";"2017-07-03 14:07:00"
34090;0;50;18.27659574468085;18.5;199.57858613589562;14.127228536974108;94;76;19.14893617021277;"201707291400_201707291500";"2017-07-03 14:07:00"
34246;0;54;14.943661971830986;14.0;206.45392354124743;14.368504568717213;71;54;23.943661971830988;"201707291400_201707291500";"2017-07-03 14:07:00"
34414;0;42;11.847222222222221;7.5;168.15942879499212;12.967630037712834;72;44;38.888888888888886;"201707291400_201707291500";"2017-07-03 14:07:00"
34693;0;50;15.0;16.5;219.99999999999994;14.832396974191324;34;23;32.35294117647059;"201707291400_201707291500";"2017-07-03 14:07:00"
32879;0;51;21.066666666666666;20.0;279.9615819209039;16.73205253162038;60;46;23.33333333333333;"201707301400_201707301500";"2017-07-03 14:07:00"
32966;0;43;11.656716417910447;7.5;160.03164627987874;12.650361507873153;134;86;35.820895522388064;"201707301400_201707301500";"2017-07-03 14:07:00"
33072;0;40;10.6;6.0;186.25714285714278;13.647605755484834;15;8;46.666666666666664;"201707301400_201707301500";"2017-07-03 14:07:00"
33112;0;52;16.205882352941178;18.0;231.19875222816398;15.205221216021949;34;21;38.23529411764706;"201707301400_201707301500";"2017-07-03 14:07:00"
33870;0;38;9.421052631578947;0.0;171.11522048364154;13.081101654051983;38;18;52.63157894736843;"201707301400_201707301500";"2017-07-03 14:07:00"
33893;0;26;3.75;0.0;56.36708860759492;7.507801849249548;80;37;53.75;"201707301400_201707301500";"2017-07-03 14:07:00"
33966;0;42;17.529411764705884;15.0;207.26470588235293;14.39669079623345;17;13;23.529411764705888;"201707301400_201707301500";"2017-07-03 14:07:00"
34048;0;47;18.060606060606062;21.0;193.80871212121212;13.921519748978993;33;26;21.212121212121215;"201707301400_201707301500";"2017-07-03 14:07:00"
34051;0;45;16.462962962962962;13.5;256.1778476589797;16.005556774413684;54;34;37.03703703703704;"201707301400_201707301500";"2017-07-03 14:07:00"
34059;0;51;15.012987012987013;15.0;181.3814080656185;13.46779150661379;77;55;28.57142857142857;"201707301400_201707301500";"2017-07-03 14:07:00"
34246;0;45;19.526315789473685;21.0;203.43233082706772;14.262970617198498;57;44;22.807017543859654;"201707301400_201707301500";"2017-07-03 14:07:00"
34414;0;41;15.617021276595745;16.0;175.41535615171134;13.244446238016572;47;32;31.914893617021278;"201707301400_201707301500";"2017-07-03 14:07:00"
34693;0;46;19.606060606060606;21.0;249.3712121212122;15.791491763643238;33;26;21.212121212121215;"201707301400_201707301500";"2017-07-03 14:07:00"
32879;0;49;14.688073394495413;13.0;186.10550458715602;13.642049134464955;109;75;31.19266055045872;"201707311400_201707311500";"2017-07-03 14:07:00"
32966;0;44;11.641666666666667;9.0;160.42336122733607;12.665834407070703;240;166;30.833333333333336;"201707311400_201707311500";"2017-07-03 14:07:00"
33030;0;35;11.944444444444445;7.0;143.1143790849673;11.963042216968363;18;14;22.22222222222222;"201707311400_201707311500";"2017-07-03 14:07:00"
33072;0;33;10.131147540983607;6.0;114.84918032786882;10.71677098420363;61;39;36.065573770491795;"201707311400_201707311500";"2017-07-03 14:07:00"
33112;0;40;10.206349206349206;3.0;150.68253968253973;12.275281653898608;63;32;49.20634920634921;"201707311400_201707311500";"2017-07-03 14:07:00"
33870;0;38;9.305882352941177;5.0;114.7624649859944;10.71272444273605;85;57;32.94117647058824;"201707311400_201707311500";"2017-07-03 14:07:00"
33893;0;39;5.707865168539326;0.0;86.39096016343206;9.294673752393468;89;40;55.0561797752809;"201707311400_201707311500";"2017-07-03 14:07:00"
33966;0;46;15.636363636363637;16.0;241.2811188811189;15.533226286934692;66;42;36.36363636363637;"201707311400_201707311500";"2017-07-03 14:07:00"
34048;0;48;17.719298245614034;19.0;239.95551378446115;15.490497531856786;57;39;31.57894736842105;"201707311400_201707311500";"2017-07-03 14:07:00"
34051;0;54;11.343283582089553;7.0;178.31976481230214;13.353642379976414;67;40;40.29850746268657;"201707311400_201707311500";"2017-07-03 14:07:00"
34059;0;44;12.690140845070422;11.0;174.9311871227365;13.226155417306138;71;45;36.61971830985915;"201707311400_201707311500";"2017-07-03 14:07:00"
34061;0;45;10.566666666666666;3.5;162.89378531073447;12.762984968679328;60;39;35.0;"201707311400_201707311500";"2017-07-03 14:07:00"
34090;0;40;13.555555555555555;10.0;177.51741293532325;13.323566074265676;135;96;28.888888888888886;"201707311400_201707311500";"2017-07-03 14:07:00"
34246;0;44;10.571428571428571;5.0;143.9981325863678;11.999922190846398;154;107;30.519480519480524;"201707311400_201707311500";"2017-07-03 14:07:00"
34414;0;36;7.5701754385964914;0.0;106.95520881850648;10.341915142685444;114;55;51.75438596491229;"201707311400_201707311500";"2017-07-03 14:07:00"
34693;0;51;9.2125;2.0;199.13148734177213;14.11139565534792;80;52;35.0;"201707311400_201707311500";"2017-07-03 14:07:00"
