;mean_fit_time;mean_score_time;mean_test_accuracy;mean_test_f1_score;mean_test_precision;mean_test_recall;mean_train_accuracy;mean_train_f1_score;mean_train_precision;mean_train_recall;metodo;param_decisiontreeclassifier__max_depth;param_logisticregression__C;param_logisticregression__penalty;param_multinomialnb__alpha;param_randomforestclassifier__max_depth;param_randomforestclassifier__n_estimators;params;rank_test_accuracy;rank_test_f1_score;rank_test_precision;rank_test_recall;split0_test_accuracy;split0_test_f1_score;split0_test_precision;split0_test_recall;split0_train_accuracy;split0_train_f1_score;split0_train_precision;split0_train_recall;split1_test_accuracy;split1_test_f1_score;split1_test_precision;split1_test_recall;split1_train_accuracy;split1_train_f1_score;split1_train_precision;split1_train_recall;split2_test_accuracy;split2_test_f1_score;split2_test_precision;split2_test_recall;split2_train_accuracy;split2_train_f1_score;split2_train_precision;split2_train_recall;split3_test_accuracy;split3_test_f1_score;split3_test_precision;split3_test_recall;split3_train_accuracy;split3_train_f1_score;split3_train_precision;split3_train_recall;split4_test_accuracy;split4_test_f1_score;split4_test_precision;split4_test_recall;split4_train_accuracy;split4_train_f1_score;split4_train_precision;split4_train_recall;split5_test_accuracy;split5_test_f1_score;split5_test_precision;split5_test_recall;split5_train_accuracy;split5_train_f1_score;split5_train_precision;split5_train_recall;split6_test_accuracy;split6_test_f1_score;split6_test_precision;split6_test_recall;split6_train_accuracy;split6_train_f1_score;split6_train_precision;split6_train_recall;split7_test_accuracy;split7_test_f1_score;split7_test_precision;split7_test_recall;split7_train_accuracy;split7_train_f1_score;split7_train_precision;split7_train_recall;split8_test_accuracy;split8_test_f1_score;split8_test_precision;split8_test_recall;split8_train_accuracy;split8_train_f1_score;split8_train_precision;split8_train_recall;split9_test_accuracy;split9_test_f1_score;split9_test_precision;split9_test_recall;split9_train_accuracy;split9_train_f1_score;split9_train_precision;split9_train_recall;std_fit_time;std_score_time;std_test_accuracy;std_test_f1_score;std_test_precision;std_test_recall;std_train_accuracy;std_train_f1_score;std_train_precision;std_train_recall
0;18,746385765075683;1,3131748199462892;0,9746799478557342;0,9746799478557342;0,9746799478557342;0,9746799478557342;0,997790183327919;0,997790183327919;0,997790183327919;0,997790183327919;RandomForestClassifier;;;;;;10;{'randomforestclassifier__max_depth': None, 'randomforestclassifier__n_estimators': 10};3;3;3;3;0,9736006683375105;0,9736006683375105;0,9736006683375105;0,9736006683375105;0,9978643985960742;0,9978643985960742;0,9978643985960742;0,9978643985960742;0,9724310776942355;0,9724310776942355;0,9724310776942355;0,9724310776942355;0,9980872439599621;0,9980872439599621;0,9980872439599621;0,9980872439599621;0,977109440267335;0,977109440267335;0,977109440267335;0,977109440267335;0,9977529759141303;0,9977529759141303;0,9977529759141303;0,9977529759141303;0,9764371657754011;0,9764371657754011;0,9764371657754011;0,9764371657754011;0,9976415970287836;0,9976415970287836;0,9976415970287836;0,9976415970287836;0,9754344919786097;0,9754344919786097;0,9754344919786097;0,9754344919786097;0,9978458681522748;0,9978458681522748;0,9978458681522748;0,9978458681522748;0,9740975935828877;0,9740975935828877;0,9740975935828877;0,9740975935828877;0,9976415970287836;0,9976415970287836;0,9976415970287836;0,9976415970287836;0,9742604044793581;0,9742604044793581;0,9742604044793581;0,9742604044793581;0,9977159198529275;0,9977159198529275;0,9977159198529275;0,9977159198529275;0,9714190205582484;0,9714190205582484;0,9714190205582484;0,9714190205582484;0,9978644779112738;0,9978644779112738;0,9978644779112738;0,9978644779112738;0,9750877779635513;0,9750877779635513;0,9750877779635513;0,9750877779635513;0,997548883070581;0,997548883070581;0,997548883070581;0,997548883070581;0,9769230769230769;0,9769230769230769;0,9769230769230769;0,9769230769230769;0,9979388717644;0,9979388717644;0,9979388717644;0,9979388717644;0,7313196531253249;0,12570764675624346;0,0017924450936706903;0,0017924450936706903;0,0017924450936706903;0,0017924450936706903;0,00015289300415364913;0,00015289300415364913;0,00015289300415364913;0,00015289300415364913
1;33,520327472686766;1,7258497714996337;0,9761841093692549;0,9761841093692549;0,9761841093692549;0,9761841093692549;0,9988765226135168;0,9988765226135168;0,9988765226135168;0,9988765226135168;RandomForestClassifier;;;;;;20;{'randomforestclassifier__max_depth': None, 'randomforestclassifier__n_estimators': 20};2;2;2;2;0,9766081871345029;0,9766081871345029;0,9766081871345029;0,9766081871345029;0,9988672027335698;0,9988672027335698;0,9988672027335698;0,9988672027335698;0,9734335839598998;0,9734335839598998;0,9734335839598998;0,9734335839598998;0,999071477650467;0,999071477650467;0,999071477650467;0,999071477650467;0,9782790309106099;0,9782790309106099;0,9782790309106099;0,9782790309106099;0,9989229140745418;0,9989229140745418;0,9989229140745418;0,9989229140745418;0,9789438502673797;0,9789438502673797;0,9789438502673797;0,9789438502673797;0,9987372330547818;0,9987372330547818;0,9987372330547818;0,9987372330547818;0,9769385026737968;0,9769385026737967;0,9769385026737968;0,9769385026737968;0,9988672237697307;0,9988672237697307;0,9988672237697307;0,9988672237697307;0,9752673796791443;0,9752673796791443;0,9752673796791443;0,9752673796791443;0,9988115134633241;0,9988115134633241;0,9988115134633241;0,9988115134633241;0,9769346481698145;0,9769346481698145;0,9769346481698145;0,9769346481698145;0,9989600935915768;0,9989600935915768;0,9989600935915768;0,9989600935915768;0,972254721711516;0,972254721711516;0,972254721711516;0,972254721711516;0,9989229540769902;0,9989229540769902;0,9989229540769902;0,9989229540769902;0,9750877779635513;0,9750877779635513;0,9750877779635513;0,9750877779635513;0,9988672868735261;0,9988672868735261;0,9988672868735261;0,9988672868735261;0,9780936454849498;0,9780936454849498;0,9780936454849498;0,9780936454849498;0,9987373268466595;0,9987373268466595;0,9987373268466595;0,9987373268466595;0,6685764468700908;0,12251643084525443;0,00204967785390924;0,002049677853909236;0,00204967785390924;0,00204967785390924;9,620887854350754e-05;9,620887854350754e-05;9,620887854350754e-05;9,620887854350754e-05
2;49,57392017841339;2,2391918182373045;0,9770866062773674;0,9770866062773674;0,9770866062773674;0,9770866062773674;0,9991086449247824;0,9991086449247824;0,9991086449247824;0,9991086449247824;RandomForestClassifier;;;;;;30;{'randomforestclassifier__max_depth': None, 'randomforestclassifier__n_estimators': 30};1;1;1;1;0,9772765246449457;0,9772765246449457;0,9772765246449457;0,9772765246449457;0,9991643298854204;0,9991643298854204;0,9991643298854204;0,9991643298854204;0,9744360902255639;0,9744360902255639;0,9744360902255639;0,9744360902255639;0,9991643298854204;0,9991643298854204;0,9991643298854204;0,9991643298854204;0,9786131996658313;0,9786131996658313;0,9786131996658313;0,9786131996658313;0,9991457594384296;0,9991457594384296;0,9991457594384296;0,9991457594384296;0,9792780748663101;0,9792780748663101;0,9792780748663101;0,9792780748663101;0,9989786443825441;0,9989786443825441;0,9989786443825441;0,9989786443825441;0,9781082887700535;0,9781082887700535;0,9781082887700535;0,9781082887700535;0,9990529247910863;0,9990529247910863;0,9990529247910863;0,9990529247910863;0,9754344919786097;0,9754344919786097;0,9754344919786097;0,9754344919786097;0,9990714948932219;0,9990714948932219;0,9990714948932219;0,9990714948932219;0,9784389102456962;0,9784389102456962;0,9784389102456962;0,9784389102456962;0,9991272214072162;0,9991272214072162;0,9991272214072162;0,9991272214072162;0,9740932642487047;0,9740932642487047;0,9740932642487047;0,9740932642487047;0,9990900818926297;0,9990900818926297;0,9990900818926297;0,9990900818926297;0,9769269352951011;0,9769269352951011;0,9769269352951011;0,9769269352951011;0,9992015300911741;0,9992015300911741;0,9992015300911741;0,9992015300911741;0,9782608695652174;0,9782608695652174;0,9782608695652174;0,9782608695652174;0,9990901325806811;0,9990901325806811;0,9990901325806811;0,9990901325806811;1,2440578473501718;0,09496006415173494;0,0017367415189672528;0,0017367415189672528;0,0017367415189672528;0,0017367415189672528;6,214832967515928e-05;6,214832967515928e-05;6,214832967515928e-05;6,214832967515928e-05
3;2,120612359046936;0,9637419939041137;0,8347595012868937;0,8347595012868937;0,8347595012868937;0,8347595012868937;0,8347706994821298;0,8347706994821298;0,8347706994821298;0,8347706994821298;RandomForestClassifier;;;;;5;10;{'randomforestclassifier__max_depth': 5, 'randomforestclassifier__n_estimators': 10};13;13;13;13;0,8487886382623224;0,8487886382623224;0,8487886382623224;0,8487886382623224;0,8488737023900166;0,8488737023900166;0,8488737023900166;0,8488737023900166;0,8322472848788638;0,8322472848788637;0,8322472848788638;0,8322472848788638;0,8324574272502739;0,8324574272502739;0,8324574272502739;0,8324574272502739;0,8322472848788638;0,8322472848788637;0,8322472848788638;0,8322472848788638;0,8326245612731898;0,8326245612731898;0,8326245612731898;0,8326245612731898;0,8325534759358288;0,8325534759358288;0,8325534759358288;0,8325534759358288;0,832924791086351;0,832924791086351;0,832924791086351;0,832924791086351;0,838903743315508;0,838903743315508;0,838903743315508;0,838903743315508;0,838347260909935;0,8383472609099352;0,838347260909935;0,838347260909935;0,8323863636363636;0,8323863636363636;0,8323863636363636;0,8323863636363636;0,8324419684308264;0,8324419684308264;0,8324419684308264;0,8324419684308264;0,8325254888851746;0,8325254888851746;0,8325254888851746;0,8325254888851746;0,8324265101855118;0,8324265101855118;0,8324265101855118;0,8324265101855118;0,8325254888851746;0,8325254888851746;0,8325254888851746;0,8325254888851746;0,8326864867876177;0,8326864867876177;0,8326864867876177;0,8326864867876177;0,8326366828289584;0,8326366828289584;0,8326366828289584;0,8326366828289584;0,8325255788906839;0,8325255788906839;0,8325255788906839;0,8325255788906839;0,8327759197324415;0,8327759197324415;0,8327759197324415;0,8327759197324415;0,8323987076168902;0,8323987076168902;0,8323987076168902;0,8323987076168902;0,041296714512389414;0,12583087542357635;0,005055579744671995;0,005055579744672006;0,005055579744671995;0,005055579744671995;0,005009791056575385;0,005009791056575393;0,005009791056575385;0,005009791056575385
4;2,4035009145736694;1,0204797983169556;0,8324364073937894;0,8324364073937894;0,8324364073937894;0,8324364073937894;0,8324438360959123;0,8324438360959123;0,8324438360959123;0,8324438360959123;RandomForestClassifier;;;;;5;20;{'randomforestclassifier__max_depth': 5, 'randomforestclassifier__n_estimators': 20};14;14;14;14;0,8322472848788638;0,8322472848788637;0,8322472848788638;0,8322472848788638;0,8325131385912459;0,8325131385912459;0,8325131385912459;0,8325131385912459;0,8322472848788638;0,8322472848788637;0,8322472848788638;0,8322472848788638;0,8324574272502739;0,8324574272502739;0,8324574272502739;0,8324574272502739;0,8322472848788638;0,8322472848788637;0,8322472848788638;0,8322472848788638;0,8324574272502739;0,8324574272502739;0,8324574272502739;0,8324574272502739;0,8323863636363636;0,8323863636363636;0,8323863636363636;0,8323863636363636;0,8324419684308264;0,8324419684308264;0,8324419684308264;0,8324419684308264;0,8323863636363636;0,8323863636363636;0,8323863636363636;0,8323863636363636;0,832460538532962;0,832460538532962;0,832460538532962;0,832460538532962;0,8323863636363636;0,8323863636363636;0,8323863636363636;0,8323863636363636;0,8324419684308264;0,8324419684308264;0,8324419684308264;0,8324419684308264;0,8325254888851746;0,8325254888851746;0,8325254888851746;0,8325254888851746;0,8324265101855118;0,8324265101855118;0,8324265101855118;0,8324265101855118;0,8325254888851746;0,8325254888851746;0,8325254888851746;0,8325254888851746;0,8324265101855118;0,8324265101855118;0,8324265101855118;0,8324265101855118;0,8326366828289584;0,8326366828289584;0,8326366828289584;0,8326366828289584;0,8324141644848012;0,8324141644848012;0,8324141644848012;0,8324141644848012;0,8327759197324415;0,8327759197324415;0,8327759197324415;0,8327759197324415;0,8323987076168902;0,8323987076168902;0,8323987076168902;0,8323987076168902;0,05968751832479147;0,10610617628441726;0,00016911883664817593;0,00016911883664821317;0,00016911883664817593;0,00016911883664817593;2,9959274072575445e-05;2,9959274072575445e-05;2,9959274072575445e-05;2,9959274072575445e-05
5;2,6393579959869387;0,9868572950363159;0,8324364073937894;0,8324364073937894;0,8324364073937894;0,8324364073937894;0,8324364079516016;0,8324364079516016;0,8324364079516016;0,8324364079516016;RandomForestClassifier;;;;;5;30;{'randomforestclassifier__max_depth': 5, 'randomforestclassifier__n_estimators': 30};14;14;14;14;0,8322472848788638;0,8322472848788637;0,8322472848788638;0,8322472848788638;0,8324574272502739;0,8324574272502739;0,8324574272502739;0,8324574272502739;0,8322472848788638;0,8322472848788637;0,8322472848788638;0,8322472848788638;0,8324574272502739;0,8324574272502739;0,8324574272502739;0,8324574272502739;0,8322472848788638;0,8322472848788637;0,8322472848788638;0,8322472848788638;0,8324574272502739;0,8324574272502739;0,8324574272502739;0,8324574272502739;0,8323863636363636;0,8323863636363636;0,8323863636363636;0,8323863636363636;0,8324419684308264;0,8324419684308264;0,8324419684308264;0,8324419684308264;0,8323863636363636;0,8323863636363636;0,8323863636363636;0,8323863636363636;0,8324419684308264;0,8324419684308264;0,8324419684308264;0,8324419684308264;0,8323863636363636;0,8323863636363636;0,8323863636363636;0,8323863636363636;0,8324419684308264;0,8324419684308264;0,8324419684308264;0,8324419684308264;0,8325254888851746;0,8325254888851746;0,8325254888851746;0,8325254888851746;0,8324265101855118;0,8324265101855118;0,8324265101855118;0,8324265101855118;0,8325254888851746;0,8325254888851746;0,8325254888851746;0,8325254888851746;0,8324265101855118;0,8324265101855118;0,8324265101855118;0,8324265101855118;0,8326366828289584;0,8326366828289584;0,8326366828289584;0,8326366828289584;0,8324141644848012;0,8324141644848012;0,8324141644848012;0,8324141644848012;0,8327759197324415;0,8327759197324415;0,8327759197324415;0,8327759197324415;0,8323987076168902;0,8323987076168902;0,8323987076168902;0,8323987076168902;0,020775385743758153;0,01774778646608515;0,00016911883664817593;0,00016911883664821317;0,00016911883664817593;0,00016911883664817593;1,8788848121822667e-05;1,8788848121822667e-05;1,8788848121822667e-05;1,8788848121822667e-05
6;2,331653094291687;1,0327882289886474;0,851606110238326;0,851606110238326;0,851606110238326;0,851606110238326;0,8509358030499554;0,8509358030499554;0,8509358030499554;0,8509358030499554;RandomForestClassifier;;;;;10;10;{'randomforestclassifier__max_depth': 10, 'randomforestclassifier__n_estimators': 10};10;10;10;10;0,8581453634085213;0,8581453634085213;0,8581453634085213;0,8581453634085213;0,8580846440973834;0,8580846440973834;0,8580846440973834;0,8580846440973834;0,8421052631578947;0,8421052631578947;0,8421052631578947;0,8421052631578947;0,8393470630838085;0,8393470630838085;0,8393470630838085;0,8393470630838085;0,8606516290726817;0,8606516290726817;0,8606516290726817;0,8606516290726817;0,8599045479024681;0,8599045479024681;0,8599045479024681;0,8599045479024681;0,8663101604278075;0,8663101604278075;0,8663101604278075;0,8663101604278075;0,8674651810584958;0,8674651810584958;0,8674651810584958;0,8674651810584958;0,8567847593582888;0,8567847593582888;0,8567847593582888;0,8567847593582888;0,8532961931290622;0,8532961931290622;0,8532961931290622;0,8532961931290622;0,8370655080213903;0,8370655080213903;0,8370655080213903;0,8370655080213903;0,8371030640668524;0,8371030640668524;0,8371030640668524;0,8371030640668524;0,854253718870132;0,854253718870132;0,854253718870132;0,854253718870132;0,8541531262186404;0,8541531262186404;0,8541531262186404;0,8541531262186404;0,8422196222630787;0,8422196222630787;0,8422196222630787;0,8422196222630787;0,8423613303374125;0,8423613303374125;0,8423613303374125;0,8423613303374125;0,8607256311653569;0,8607256311653569;0,8607256311653569;0,8607256311653569;0,8596921248584108;0,8596921248584108;0,8596921248584108;0,8596921248584108;0,8377926421404682;0,8377926421404682;0,8377926421404682;0,8377926421404682;0,8379507557470197;0,8379507557470197;0,8379507557470197;0,8379507557470197;0,06138123013701489;0,09959082671453799;0,010189967519492055;0,010189967519492055;0,010189967519492055;0,010189967519492055;0,010320547605364102;0,010320547605364102;0,010320547605364102;0,010320547605364102
7;2,74232656955719;1,121146845817566;0,8464752481866498;0,8464752481866498;0,8464752481866498;0,8464752481866498;0,8460630009678496;0,8460630009678496;0,8460630009678496;0,8460630009678496;RandomForestClassifier;;;;;10;20;{'randomforestclassifier__max_depth': 10, 'randomforestclassifier__n_estimators': 20};11;11;11;11;0,8380952380952381;0,8380952380952381;0,8380952380952381;0,8380952380952381;0,8372486025738639;0,8372486025738639;0,8372486025738639;0,8372486025738639;0,8548036758563075;0,8548036758563075;0,8548036758563075;0,8548036758563075;0,8543148433582797;0,8543148433582796;0,8543148433582797;0,8543148433582797;0,8370927318295739;0,8370927318295739;0,8370927318295739;0,8370927318295739;0,8365429255882189;0,8365429255882189;0,8365429255882189;0,8365429255882189;0,8564505347593583;0,8564505347593583;0,8564505347593583;0,8564505347593583;0,8564531104921077;0,8564531104921077;0,8564531104921077;0,8564531104921077;0,847927807486631;0,8479278074866311;0,847927807486631;0,847927807486631;0,8452924791086351;0,845292479108635;0,8452924791086351;0,8452924791086351;0,8327205882352942;0,8327205882352942;0,8327205882352942;0,8327205882352942;0,8328690807799443;0,8328690807799443;0,8328690807799443;0,8328690807799443;0,85843222463647;0,85843222463647;0,85843222463647;0,85843222463647;0,8596126348628623;0,8596126348628623;0,8596126348628623;0,8596126348628623;0,8522480361022898;0,8522480361022899;0,8522480361022898;0,8522480361022898;0,8525746968487122;0,8525746968487122;0,8525746968487122;0,8525746968487122;0,8540377863233573;0,8540377863233573;0,8540377863233573;0,8540377863233573;0,8529886914378029;0,8529886914378029;0,8529886914378029;0,8529886914378029;0,8329431438127091;0,8329431438127091;0,8329431438127091;0,8329431438127091;0,8327329446280685;0,8327329446280685;0,8327329446280685;0,8327329446280685;0,06358198258162638;0,10005557949787365;0,009669442985637213;0,009669442985637221;0,009669442985637213;0,009669442985637213;0,009852392193501699;0,00985239219350169;0,009852392193501699;0,009852392193501699
8;3,230651545524597;1,1540691375732421;0,8414279506635024;0,8414279506635024;0,8414279506635024;0,8414279506635024;0,8413258044299272;0,8413258044299272;0,8413258044299272;0,8413258044299272;RandomForestClassifier;;;;;10;30;{'randomforestclassifier__max_depth': 10, 'randomforestclassifier__n_estimators': 30};12;12;12;12;0,8431077694235589;0,843107769423559;0,8431077694235589;0,8431077694235589;0,8414083826997716;0,8414083826997716;0,8414083826997716;0,8414083826997716;0,8325814536340852;0,8325814536340852;0,8325814536340852;0,8325814536340852;0,832940258872031;0,832940258872031;0,832940258872031;0,832940258872031;0,8424394319131161;0,8424394319131161;0,8424394319131161;0,8424394319131161;0,8409069806310238;0,8409069806310238;0,8409069806310238;0,8409069806310238;0,8514371657754011;0,8514371657754011;0,8514371657754011;0,8514371657754011;0,8512349117920148;0,8512349117920148;0,8512349117920148;0,8512349117920148;0,8345588235294118;0,8345588235294117;0,8345588235294118;0,8345588235294118;0,834614670380687;0,8346146703806869;0,834614670380687;0,834614670380687;0,83673128342246;0,83673128342246;0,83673128342246;0,83673128342246;0,8367130919220056;0,8367130919220056;0,8367130919220056;0,8367130919220056;0,8505766337957547;0,8505766337957547;0,8505766337957547;0,8505766337957547;0,8529275222372844;0,8529275222372844;0,8529275222372844;0,8529275222372844;0,8423867624937322;0,8423867624937322;0,8423867624937322;0,8423867624937322;0,8417485283467345;0,8417485283467345;0,8417485283467345;0,8417485283467345;0,8476843337234576;0,8476843337234576;0,8476843337234576;0,8476843337234576;0,8481607338495534;0,8481607338495535;0,8481607338495534;0,8481607338495534;0,8327759197324415;0,8327759197324415;0,8327759197324415;0,8327759197324415;0,8326029635681658;0,8326029635681658;0,8326029635681658;0,8326029635681658;0,0794079763381162;0,09928158900668252;0,006709143876066832;0,006709143876066846;0,006709143876066832;0,006709143876066832;0,007018470039346132;0,007018470039346154;0,007018470039346132;0,007018470039346132
9;2,653567409515381;1,060706377029419;0,8696059096834575;0,8696059096834575;0,8696059096834575;0,8696059096834575;0,8699606789359118;0,8699606789359118;0,8699606789359118;0,8699606789359118;RandomForestClassifier;;;;;15;10;{'randomforestclassifier__max_depth': 15, 'randomforestclassifier__n_estimators': 10};7;7;7;7;0,869172932330827;0,869172932330827;0,869172932330827;0,869172932330827;0,8703039982172371;0,8703039982172371;0,8703039982172371;0,8703039982172371;0,858312447786132;0,858312447786132;0,858312447786132;0,858312447786132;0,8567847128080373;0,8567847128080374;0,8567847128080373;0,8567847128080373;0,8868838763575606;0,8868838763575606;0,8868838763575606;0,8868838763575606;0,8851046444687923;0,8851046444687923;0,8851046444687923;0,8851046444687923;0,8788435828877005;0,8788435828877005;0,8788435828877005;0,8788435828877005;0,8827298050139276;0,8827298050139276;0,8827298050139276;0,8827298050139276;0,891042780748663;0,891042780748663;0,891042780748663;0,891042780748663;0,8895078922934077;0,8895078922934077;0,8895078922934077;0,8895078922934077;0,8445855614973262;0,8445855614973263;0,8445855614973262;0,8445855614973262;0,8465366759517178;0,8465366759517178;0,8465366759517178;0,8465366759517178;0,8793247534681597;0,8793247534681597;0,8793247534681597;0,8793247534681597;0,878015264340495;0,878015264340495;0,878015264340495;0,878015264340495;0,8612736085575798;0,8612736085575798;0,8612736085575798;0,8612736085575798;0,8622681101558003;0,8622681101558003;0,8622681101558003;0,8622681101558003;0,8669118876442067;0,8669118876442067;0,8669118876442067;0,8669118876442067;0,8671197519172562;0,8671197519172562;0,8671197519172562;0,8671197519172562;0,8596989966555184;0,8596989966555184;0,8596989966555184;0,8596989966555184;0,8612359341924463;0,8612359341924462;0,8612359341924463;0,8612359341924463;0,07807988134014224;0,15380410681800658;0,013662354706877888;0,013662354706877867;0,013662354706877888;0,013662354706877888;0,013058084422596554;0,01305808442259655;0,013058084422596554;0,013058084422596554
10;3,370544934272766;1,11234130859375;0,8675000835645286;0,8675000835645286;0,8675000835645286;0,8675000835645286;0,8671509076176568;0,8671509076176568;0,8671509076176568;0,8671509076176568;RandomForestClassifier;;;;;15;20;{'randomforestclassifier__max_depth': 15, 'randomforestclassifier__n_estimators': 20};8;8;8;8;0,8631578947368421;0,8631578947368422;0,8631578947368421;0,8631578947368421;0,8642314620512915;0,8642314620512915;0,8642314620512915;0,8642314620512915;0,8671679197994987;0,8671679197994987;0,8671679197994987;0,8671679197994987;0,866385633902208;0,8663856339022079;0,866385633902208;0,866385633902208;0,8648287385129491;0,8648287385129491;0,8648287385129491;0,8648287385129491;0,8628758194209735;0,8628758194209735;0,8628758194209735;0,8628758194209735;0,8733288770053476;0,8733288770053476;0,8733288770053476;0,8733288770053476;0,8755246053853296;0,8755246053853296;0,8755246053853296;0,8755246053853296;0,8719919786096256;0,8719919786096256;0,8719919786096256;0,8719919786096256;0,8719591457753018;0,8719591457753018;0,8719591457753018;0,8719591457753018;0,8442513368983957;0,8442513368983957;0,8442513368983957;0,8442513368983957;0,8440111420612814;0,8440111420612815;0,8440111420612814;0,8440111420612814;0,8799933143907739;0,8799933143907739;0,8799933143907739;0,8799933143907739;0,8761954281257543;0,8761954281257543;0,8761954281257543;0,8761954281257543;0,8713020223967909;0,8713020223967909;0,8713020223967909;0,8713020223967909;0,8717386863753691;0,8717386863753691;0,8717386863753691;0,8717386863753691;0,8727637518809563;0,8727637518809563;0,8727637518809563;0,8727637518809563;0,8725419196702133;0,8725419196702133;0,8725419196702133;0,8725419196702133;0,8662207357859532;0,866220735785953;0,8662207357859532;0,8662207357859532;0,8660452334088461;0,8660452334088461;0,8660452334088461;0,8660452334088461;0,10964513546867287;0,09201378122967001;0,009059132702128974;0,00905913270212897;0,009059132702128974;0,009059132702128974;0,0088837407403125;0,008883740740312472;0,0088837407403125;0,0088837407403125
11;4,217008781433106;1,2052026510238647;0,8649262960858375;0,8649262960858375;0,8649262960858375;0,8649262960858375;0,8646644103536391;0,8646644103536391;0,8646644103536391;0,8646644103536391;RandomForestClassifier;;;;;15;30;{'randomforestclassifier__max_depth': 15, 'randomforestclassifier__n_estimators': 30};9;9;9;9;0,8619883040935673;0,8619883040935673;0,8619883040935673;0,8619883040935673;0,8626901149510668;0,8626901149510668;0,8626901149510668;0,8626901149510668;0,8492898913951545;0,8492898913951545;0,8492898913951545;0,8492898913951545;0,8480380322754368;0,8480380322754368;0,8480380322754368;0,8480380322754368;0,8680033416875522;0,8680033416875522;0,8680033416875522;0,8680033416875522;0,8677041356385449;0,8677041356385449;0,8677041356385449;0,8677041356385449;0,8681483957219251;0,8681483957219251;0,8681483957219251;0,8681483957219251;0,8694150417827298;0,8694150417827298;0,8694150417827298;0,8694150417827298;0,8699866310160428;0,8699866310160427;0,8699866310160428;0,8699866310160428;0,8669823584029712;0,8669823584029712;0,8669823584029712;0,8669823584029712;0,8587901069518716;0,8587901069518716;0,8587901069518716;0,8587901069518716;0,8592386258124419;0,8592386258124419;0,8592386258124419;0,8592386258124419;0,8776533511616246;0,8776533511616246;0,8776533511616246;0,8776533511616246;0,8758983120090621;0,8758983120090621;0,8758983120090621;0,8758983120090621;0,8662878154771854;0,8662878154771854;0,8662878154771854;0,8662878154771854;0,8683404207907003;0,8683404207907003;0,8683404207907003;0,8683404207907003;0,8634007691021568;0,8634007691021569;0,8634007691021568;0,8634007691021568;0,8641301320260709;0,8641301320260709;0,8641301320260709;0,8641301320260709;0,8657190635451505;0,8657190635451506;0,8657190635451505;0,8657190635451505;0,8642069298473651;0,8642069298473651;0,8642069298473651;0,8642069298473651;0,1252767990406416;0,09523811003163717;0,0070928952589342205;0,007092895258934212;0,0070928952589342205;0,0070928952589342205;0,006979706878140565;0,006979706878140565;0,006979706878140565;0,006979706878140565
12;3,006802296638489;1,054002046585083;0,8904469030985728;0,8904469030985728;0,8904469030985728;0,8904469030985728;0,8917450185553581;0,8917450185553581;0,8917450185553581;0,8917450185553581;RandomForestClassifier;;;;;20;10;{'randomforestclassifier__max_depth': 20, 'randomforestclassifier__n_estimators': 10};4;4;4;4;0,8935672514619883;0,8935672514619885;0,8935672514619883;0,8935672514619883;0,8954855243365708;0,8954855243365708;0,8954855243365708;0,8954855243365708;0,8925647451963241;0,8925647451963242;0,8925647451963241;0,8925647451963241;0,8915857304685324;0,8915857304685324;0,8915857304685324;0,8915857304685324;0,9091060985797828;0,9091060985797828;0,9091060985797828;0,9091060985797828;0,905550706605508;0,905550706605508;0,905550706605508;0,905550706605508;0,8940508021390374;0,8940508021390374;0,8940508021390374;0,8940508021390374;0,8975301764159703;0,8975301764159703;0,8975301764159703;0,8975301764159703;0,9032419786096256;0,9032419786096256;0,9032419786096256;0,9032419786096256;0,9055710306406686;0,9055710306406686;0,9055710306406686;0,9055710306406686;0,8601270053475936;0,8601270053475936;0,8601270053475936;0,8601270053475936;0,8640482822655524;0,8640482822655524;0,8640482822655524;0,8640482822655524;0,8913588500752131;0,8913588500752131;0,8913588500752131;0,8913588500752131;0,8909212456593192;0,8909212456593192;0,8909212456593192;0,8909212456593192;0,890356008691292;0,890356008691292;0,890356008691292;0,890356008691292;0,8917568847375165;0,8917568847375165;0,8917568847375165;0,8917568847375165;0,879785988965056;0,879785988965056;0,879785988965056;0,879785988965056;0,8825506471320075;0,8825506471320075;0,8825506471320075;0,8825506471320075;0,8903010033444816;0,8903010033444816;0,8903010033444816;0,8903010033444816;0,8924499572919374;0,8924499572919374;0,8924499572919374;0,8924499572919374;0,08250503230480079;0,09035080870592091;0,012542181184041119;0,012542181184041124;0,012542181184041119;0,012542181184041119;0,011322816736915415;0,011322816736915415;0,011322816736915415;0,011322816736915415
13;4,163072633743286;1,1300529479980468;0,8897616739646355;0,8897616739646355;0,8897616739646355;0,8897616739646355;0,8900866522932086;0,8900866522932086;0,8900866522932086;0,8900866522932086;RandomForestClassifier;;;;;20;20;{'randomforestclassifier__max_depth': 20, 'randomforestclassifier__n_estimators': 20};5;5;5;5;0,8848788638262323;0,8848788638262323;0,8848788638262323;0,8848788638262323;0,8889115861018775;0,8889115861018775;0,8889115861018775;0,8889115861018775;0,8858813700918964;0,8858813700918964;0,8858813700918964;0,8858813700918964;0,8840275585433341;0,8840275585433341;0,8840275585433341;0,8840275585433341;0,9000835421888054;0,9000835421888054;0,9000835421888054;0,9000835421888054;0,897602555293506;0,897602555293506;0,897602555293506;0,897602555293506;0,8878676470588235;0,8878676470588236;0,8878676470588235;0,8878676470588235;0,8886536675951717;0,8886536675951717;0,8886536675951717;0,8886536675951717;0,9002339572192514;0,9002339572192514;0,9002339572192514;0,9002339572192514;0,8996285979572888;0,8996285979572888;0,8996285979572888;0,8996285979572888;0,8810160427807486;0,8810160427807486;0,8810160427807486;0,8810160427807486;0,8832869080779945;0,8832869080779945;0,8832869080779945;0,8832869080779945;0,8930302523817483;0,8930302523817483;0,8930302523817483;0,8930302523817483;0,8918497335239829;0,8918497335239829;0,8918497335239829;0,8918497335239829;0,8871803443088752;0,8871803443088752;0,8871803443088752;0,8871803443088752;0,8867801897829195;0,8867801897829195;0,8867801897829195;0,8867801897829195;0,8898177562280555;0,8898177562280555;0,8898177562280555;0,8898177562280555;0,8908510203702672;0,8908510203702672;0,8908510203702672;0,8908510203702672;0,8876254180602007;0,8876254180602007;0,8876254180602007;0,8876254180602007;0,889274705685743;0,8892747056857431;0,889274705685743;0,889274705685743;0,13148102133295583;0,09906783202257113;0,005976198141688237;0,005976198141688233;0,005976198141688237;0,005976198141688237;0,00499204922587826;0,004992049225878258;0,00499204922587826;0,00499204922587826
14;5,382584905624389;1,219712734222412;0,8870374703345923;0,8870374703345923;0,8870374703345923;0,8870374703345923;0,8878972906297516;0,8878972906297516;0,8878972906297516;0,8878972906297516;RandomForestClassifier;;;;;20;30;{'randomforestclassifier__max_depth': 20, 'randomforestclassifier__n_estimators': 30};6;6;6;6;0,885547201336675;0,885547201336675;0,885547201336675;0,885547201336675;0,8887073111849803;0,8887073111849803;0,8887073111849803;0,8887073111849803;0,8745196324143693;0,8745196324143693;0,8745196324143693;0,8745196324143693;0,874500919237126;0,874500919237126;0,874500919237126;0,874500919237126;0,9007518796992481;0,9007518796992481;0,9007518796992481;0,9007518796992481;0,8981596687032257;0,8981596687032257;0,8981596687032257;0,8981596687032257;0,8838569518716578;0,8838569518716578;0,8838569518716578;0,8838569518716578;0,8853853296193129;0,8853853296193129;0,8853853296193129;0,8853853296193129;0,8970588235294118;0,8970588235294118;0,8970588235294118;0,8970588235294118;0,8967873723305478;0,8967873723305478;0,8967873723305478;0,8967873723305478;0,888870320855615;0,888870320855615;0,888870320855615;0,888870320855615;0,8916620241411328;0,8916620241411328;0,8916620241411328;0,8916620241411328;0,8905231489219455;0,8905231489219455;0,8905231489219455;0,8905231489219455;0,8896956416779632;0,8896956416779632;0,8896956416779632;0,8896956416779632;0,8841718201571118;0,8841718201571118;0,8841718201571118;0,8841718201571118;0,8841804237618615;0,8841804237618615;0,8841804237618615;0,8841804237618615;0,8789500083598061;0,8789500083598061;0,8789500083598061;0,8789500083598061;0,8830891500937738;0,8830891500937738;0,8830891500937738;0,8830891500937738;0,8861204013377927;0,8861204013377927;0,8861204013377927;0,8861204013377927;0,8868050655475916;0,8868050655475916;0,8868050655475916;0,8868050655475916;0,10503298105581131;0,10555337444016528;0,007399938185874179;0,007399938185874179;0,007399938185874179;0,007399938185874179;0,006529259985163105;0,006529259985163105;0,006529259985163105;0,006529259985163105
15;1,869644284248352;0,7866240978240967;0,9595547681919978;0,9595547681919978;0,9595547681919978;0,9595547681919978;0,9761042580118143;0,9761042580118143;0,9761042580118143;0,9761042580118143;naive_bayes.MultinomialNB;;;;0;;;{'multinomialnb__alpha': 0};1;1;1;1;0,960233918128655;0,960233918128655;0,960233918128655;0,960233918128655;0,9761184051700125;0,9761184051700125;0,9761184051700125;0,9761184051700125;0,960735171261487;0,960735171261487;0,960735171261487;0,960735171261487;0,9762112574049657;0,9762112574049657;0,9762112574049657;0,9762112574049657;0,9619047619047619;0,9619047619047619;0,9619047619047619;0,9619047619047619;0,975654143995246;0,975654143995246;0,975654143995246;0,975654143995246;0,959725935828877;0,959725935828877;0,959725935828877;0,959725935828877;0,976564531104921;0,976564531104921;0,976564531104921;0,976564531104921;0,9568850267379679;0,9568850267379679;0,9568850267379679;0,9568850267379679;0,9761931290622099;0,9761931290622099;0,9761931290622099;0,9761931290622099;0,9577205882352942;0,9577205882352942;0,9577205882352942;0,9577205882352942;0,976100278551532;0,976100278551532;0,976100278551532;0,976100278551532;0,9603877653351162;0,9603877653351162;0,9603877653351162;0,9603877653351162;0,9760821526062654;0,9760821526062654;0,9760821526062654;0,9760821526062654;0,9582149423366204;0,9582149423366204;0,9582149423366204;0,9582149423366204;0,9758778852760395;0,9758778852760395;0,9758778852760395;0,9758778852760395;0,9615448921585019;0,9615448921585019;0,9615448921585019;0,9615448921585019;0,9758787811263997;0,9758787811263997;0,9758787811263997;0,9758787811263997;0,9581939799331104;0,9581939799331104;0,9581939799331104;0,9581939799331104;0,9763620158205518;0,9763620158205518;0,9763620158205518;0,9763620158205518;0,08533506439495168;0,012613668719206638;0,0016186314122032582;0,0016186314122032582;0,0016186314122032582;0,0016186314122032582;0,0002455664957500969;0,0002455664957500969;0,0002455664957500969;0,0002455664957500969
16;1,9088714838027954;0,8039353132247925;0,9557776515024903;0,9557776515024903;0,9557776515024903;0,9557776515024903;0,9586429898297288;0,9586429898297288;0,9586429898297288;0,9586429898297288;naive_bayes.MultinomialNB;;;;1;;;{'multinomialnb__alpha': 1};2;2;2;2;0,9557226399331662;0,9557226399331662;0,9557226399331662;0,9557226399331662;0,9588293190217089;0,9588293190217089;0,9588293190217089;0,9588293190217089;0,9567251461988304;0,9567251461988304;0,9567251461988304;0,9567251461988304;0,9589036008096715;0,9589036008096715;0,9589036008096715;0,9589036008096715;0,9588972431077695;0,9588972431077695;0,9588972431077695;0,9588972431077695;0,9583836282939331;0,9583836282939331;0,9583836282939331;0,9583836282939331;0,9568850267379679;0,9568850267379679;0,9568850267379679;0,9568850267379679;0,9587558031569173;0,9587558031569173;0,9587558031569173;0,9587558031569173;0,9533756684491979;0,9533756684491979;0,9533756684491979;0,9533756684491979;0,9587743732590529;0,9587743732590529;0,9587743732590529;0,9587743732590529;0,9553810160427807;0,9553810160427807;0,9553810160427807;0,9553810160427807;0,9589972144846797;0,9589972144846797;0,9589972144846797;0,9589972144846797;0,9550392779542036;0,9550392779542036;0,9550392779542036;0,9550392779542036;0,9582737553620174;0,9582737553620174;0,9582737553620174;0,9582737553620174;0,9535350158783219;0,9535350158783219;0,9535350158783219;0,9535350158783219;0,9587008597797627;0,9587008597797627;0,9587008597797627;0,9587008597797627;0,9582009697375021;0,9582009697375021;0,9582009697375021;0,9582009697375021;0,9581267524557592;0,9581267524557592;0,9581267524557592;0,9581267524557592;0,9540133779264214;0,9540133779264213;0,9540133779264214;0,9540133779264214;0,9586845916737847;0,9586845916737847;0,9586845916737847;0,9586845916737847;0,08723749837814891;0,027969099024672057;0,0017984591355063866;0,0017984591355063972;0,0017984591355063866;0,0017984591355063866;0,0002707920564461356;0,0002707920564461356;0,0002707920564461356;0,0002707920564461356
17;1,8964633703231812;0,784522557258606;0,9393822910051142;0,9393822910051142;0,9393822910051142;0,9393822910051142;0,9423051932752651;0,9423051932752651;0,9423051932752651;0,9423051932752651;naive_bayes.MultinomialNB;;;;3;;;{'multinomialnb__alpha': 3};3;3;3;3;0,9396825396825397;0,9396825396825397;0,9396825396825397;0,9396825396825397;0,9424501847759476;0,9424501847759476;0,9424501847759476;0,9424501847759476;0,9408521303258145;0,9408521303258145;0,9408521303258145;0,9408521303258145;0,942153057624097;0,942153057624097;0,942153057624097;0,942153057624097;0,9441938178780284;0,9441938178780284;0,9441938178780284;0,9441938178780284;0,9415216624264146;0,9415216624264144;0,9415216624264146;0,9415216624264146;0,9383355614973262;0,9383355614973262;0,9383355614973262;0,9383355614973262;0,9422841225626741;0,9422841225626741;0,9422841225626741;0,9422841225626741;0,9366644385026738;0,9366644385026738;0,9366644385026738;0,9366644385026738;0,9428597957288765;0,9428597957288766;0,9428597957288765;0,9428597957288765;0,9390040106951871;0,9390040106951871;0,9390040106951871;0,9390040106951871;0,9429526462395543;0,9429526462395543;0,9429526462395543;0,9429526462395543;0,9391609560421194;0,9391609560421194;0,9391609560421194;0,9391609560421194;0,9418209504001783;0,9418209504001783;0,9418209504001783;0,9418209504001783;0,93682099281297;0,93682099281297;0,93682099281297;0,93682099281297;0,9427865777794284;0,9427865777794284;0,9427865777794284;0,9427865777794284;0,9381374352115031;0,9381374352115031;0,9381374352115031;0,9381374352115031;0,9419530945351234;0,9419530945351234;0,9419530945351234;0,9419530945351234;0,9409698996655519;0,9409698996655519;0,9409698996655519;0,9409698996655519;0,942269840680358;0,942269840680358;0,942269840680358;0,942269840680358;0,04011378946244972;0,017058741492687622;0,0021145069209010676;0,0021145069209010676;0,0021145069209010676;0,0021145069209010676;0,00044460736744588375;0,00044460736744591714;0,00044460736744588375;0,00044460736744588375
18;1,8851556777954102;0,7975309610366821;0,9242571113413778;0,9242571113413778;0,9242571113413778;0,9242571113413778;0,92667119862672;0,92667119862672;0,92667119862672;0,92667119862672;naive_bayes.MultinomialNB;;;;5;;;{'multinomialnb__alpha': 5};4;4;4;4;0,9273182957393483;0,9273182957393483;0,9273182957393483;0,9273182957393483;0,9268881501977753;0,9268881501977753;0,9268881501977753;0,9268881501977753;0,9263157894736842;0,9263157894736842;0,9263157894736842;0,9263157894736842;0,926795297962822;0,926795297962822;0,926795297962822;0,926795297962822;0,9276524644945697;0,9276524644945697;0,9276524644945697;0,9276524644945697;0,9262196141061115;0,9262196141061115;0,9262196141061115;0,9262196141061115;0,9234625668449198;0,9234625668449198;0,9234625668449198;0,9234625668449198;0,9263509749303621;0,9263509749303621;0,9263509749303621;0,9263509749303621;0,9237967914438503;0,9237967914438503;0,9237967914438503;0,9237967914438503;0,9267780872794801;0,9267780872794801;0,9267780872794801;0,9267780872794801;0,9244652406417112;0,9244652406417112;0,9244652406417112;0,9244652406417112;0,9269823584029712;0,9269823584029712;0,9269823584029712;0,9269823584029712;0,9221126525154605;0,9221126525154605;0,9221126525154605;0,9221126525154605;0,9266123191769884;0,9266123191769884;0,9266123191769884;0,9266123191769884;0,9204412502089253;0,9204412502089253;0,9204412502089253;0,9204412502089253;0,9270022840801471;0,9270022840801471;0,9270022840801471;0,9270022840801471;0,9222538037117539;0,9222538037117539;0,9222538037117539;0,9222538037117539;0,926503630252725;0,926503630252725;0,926503630252725;0,926503630252725;0,9247491638795987;0,9247491638795987;0,9247491638795987;0,9247491638795987;0,9265792698778178;0,9265792698778178;0,9265792698778178;0,9265792698778178;0,047306007133587194;0,024980671644001515;0,00222356878484122;0,00222356878484122;0,00222356878484122;0,00222356878484122;0,0002503598283914361;0,0002503598283914361;0,0002503598283914361;0,0002503598283914361
19;1,872747778892517;0,776216983795166;0,9032155630577933;0,9032155630577933;0,9032155630577933;0,9032155630577933;0,9037540871248408;0,9037540871248408;0,9037540871248408;0,9037540871248408;naive_bayes.MultinomialNB;;;;10;;;{'multinomialnb__alpha': 10};5;5;5;5;0,9037593984962407;0,9037593984962407;0,9037593984962407;0,9037593984962407;0,9041022117402366;0,9041022117402366;0,9041022117402366;0,9041022117402366;0,9030910609857978;0,9030910609857978;0,9030910609857978;0,9030910609857978;0,903860795929358;0,903860795929358;0,903860795929358;0,903860795929358;0,9081035923141186;0,9081035923141186;0,9081035923141186;0,9081035923141186;0,9031551189437129;0,9031551189437129;0,9031551189437129;0,9031551189437129;0,9019050802139037;0,9019050802139037;0,9019050802139037;0,9019050802139037;0,9035840297121635;0,9035840297121635;0,9035840297121635;0,9035840297121635;0,9024064171122995;0,9024064171122995;0,9024064171122995;0,9024064171122995;0,9033611884865367;0,9033611884865367;0,9033611884865367;0,9033611884865367;0,9047459893048129;0,9047459893048129;0,9047459893048129;0,9047459893048129;0,9036583101207056;0,9036583101207056;0,9036583101207056;0,9036583101207056;0,9035600869129199;0,9035600869129199;0,9035600869129199;0,9035600869129199;0,9036972386770905;0,9036972386770905;0,9036972386770905;0,9036972386770905;0,9008858432224637;0,9008858432224637;0,9008858432224637;0,9008858432224637;0,9043100406677684;0,9043100406677684;0,9043100406677684;0,9043100406677684;0,900183915733155;0,900183915733155;0,900183915733155;0,900183915733155;0,9040536274673648;0,9040536274673648;0,9040536274673648;0,9040536274673648;0,9035117056856188;0,9035117056856188;0,9035117056856188;0,9035117056856188;0,9037583095034724;0,9037583095034724;0,9037583095034724;0,9037583095034724;0,02607583632604961;0,0610570065518201;0,0020915565915883864;0,0020915565915883864;0,0020915565915883864;0,0020915565915883864;0,000329524024936667;0,000329524024936667;0,000329524024936667;0,000329524024936667
20;36,31959216594696;0,8350564241409302;0,9689808470100612;0,9689808470100612;0,9689808470100612;0,9689808470100612;0,9993110572105277;0,9993110572105277;0,9993110572105277;0,9993110572105277;decision tree;;;;;;;{'decisiontreeclassifier__max_depth': None};1;1;1;1;0,968421052631579;0,968421052631579;0,968421052631579;0,968421052631579;0,9993500343553269;0,9993500343553269;0,9993500343553269;0,9993500343553269;0,9672514619883041;0,9672514619883041;0,9672514619883041;0,9672514619883041;0,9993128934613457;0,9993128934613457;0,9993128934613457;0,9993128934613457;0,9717627401837928;0,9717627401837928;0,9717627401837928;0,9717627401837928;0,9993314639083363;0,9993314639083363;0,9993314639083363;0,9993314639083363;0,9680815508021391;0,9680815508021391;0,9680815508021391;0,9680815508021391;0,9993129062209842;0,9993129062209842;0,9993129062209842;0,9993129062209842;0,9724264705882353;0,9724264705882353;0,9724264705882353;0,9724264705882353;0,9992943361188487;0,9992943361188487;0,9992943361188487;0,9992943361188487;0,9664104278074866;0,9664104278074866;0,9664104278074866;0,9664104278074866;0,9992757660167131;0,9992757660167131;0,9992757660167131;0,9992757660167131;0,968744776867792;0,968744776867792;0,968744776867792;0,968744776867792;0,9993314887374422;0,9993314887374422;0,9993314887374422;0,9993314887374422;0,9690790573290992;0,9690790573290992;0,9690790573290992;0,9690790573290992;0,9992943492228556;0,9992943492228556;0,9992943492228556;0,9992943492228556;0,9683999331215516;0,9683999331215516;0,9683999331215516;0,9683999331215516;0,9993686516999981;0,9993686516999981;0,9993686516999981;0,9993686516999981;0,9692307692307692;0,9692307692307692;0,9692307692307692;0,9692307692307692;0,999238682363427;0,999238682363427;0,999238682363427;0,999238682363427;1,057864176959;0,017194587105315944;0,0017550268000542679;0,0017550268000542679;0,0017550268000542679;0,0017550268000542679;3,566420181496466e-05;3,566420181496466e-05;3,566420181496466e-05;3,566420181496466e-05
21;2,140024781227112;0,7864237546920776;0,8955610522445432;0,8955610522445432;0,8955610522445432;0,8955610522445432;0,8954217771902379;0,8954217771902379;0,8954217771902379;0,8954217771902379;decision tree;2;;;;;;{'decisiontreeclassifier__max_depth': 2};6;6;6;6;0,8987468671679198;0,89874686716792;0,8987468671679198;0,8987468671679198;0,8950584040557856;0,8950584040557856;0,8950584040557856;0,8950584040557856;0,8944026733500418;0,8944026733500418;0,8944026733500418;0,8944026733500418;0,8955969470185148;0,8955969470185148;0,8955969470185148;0,8955969470185148;0,8977443609022556;0,8977443609022556;0,8977443609022556;0,8977443609022556;0,8952626789726829;0,8952626789726829;0,8952626789726829;0,8952626789726829;0,892379679144385;0,892379679144385;0,892379679144385;0,892379679144385;0,8958402971216342;0,8958402971216342;0,8958402971216342;0,8958402971216342;0,8962232620320856;0,8962232620320856;0,8962232620320856;0,8962232620320856;0,8954317548746518;0,8954317548746518;0,8954317548746518;0,8954317548746518;0,8977272727272727;0,8977272727272727;0,8977272727272727;0,8977272727272727;0,8952646239554317;0,8952646239554317;0,8952646239554317;0,8952646239554317;0,8965401972254722;0,8965401972254722;0,8965401972254722;0,8965401972254722;0,8953965571669978;0,8953965571669978;0,8953965571669978;0,8953965571669978;0,8935316730737088;0,8935316730737088;0,8935316730737088;0,8935316730737088;0,8954894059534642;0,8954894059534642;0,8954894059534642;0,8954894059534642;0,8921585019227554;0,8921585019227554;0,8921585019227554;0,8921585019227554;0,8954932872820456;0,8954932872820456;0,8954932872820456;0,8954932872820456;0,8961538461538462;0,8961538461538462;0,8961538461538462;0,8961538461538462;0,8953838155011699;0,8953838155011699;0,8953838155011699;0,8953838155011699;0,07252474321689993;0,02133763261198916;0,0022026532859168004;0,0022026532859168164;0,0022026532859168004;0,0022026532859168004;0,00019993920451893165;0,00019993920451893165;0,00019993920451893165;0,00019993920451893165
22;2,5640069007873536;0,7945293188095093;0,9280843667480028;0,9280843667480028;0,9280843667480028;0,9280843667480028;0,9290165764927952;0,9290165764927952;0,9290165764927952;0,9290165764927952;decision tree;5;;;;;;{'decisiontreeclassifier__max_depth': 5};5;5;5;5;0,9268170426065163;0,9268170426065163;0,9268170426065163;0,9268170426065163;0,9295251536704489;0,9295251536704489;0,9295251536704489;0,9295251536704489;0,927485380116959;0,927485380116959;0,927485380116959;0,927485380116959;0,9286709131088785;0,9286709131088785;0,9286709131088785;0,9286709131088785;0,9319966583124478;0,9319966583124478;0,9319966583124478;0,9319966583124478;0,9290980333896637;0,9290980333896637;0,9290980333896637;0,9290980333896637;0,9269719251336899;0,9269719251336898;0,9269719251336899;0,9269719251336899;0,9286722376973073;0,9286722376973073;0,9286722376973073;0,9286722376973073;0,9303141711229946;0,9303141711229946;0,9303141711229946;0,9303141711229946;0,9293964716805942;0,9293964716805942;0,9293964716805942;0,9293964716805942;0,929144385026738;0,929144385026738;0,929144385026738;0,929144385026738;0,9285793871866296;0,9285793871866296;0,9285793871866296;0,9285793871866296;0,9276282801270266;0,9276282801270266;0,9276282801270266;0,9276282801270266;0,9295092013147388;0,9295092013147388;0,9295092013147388;0,9295092013147388;0,9242854755139562;0,9242854755139562;0,9242854755139562;0,9242854755139562;0,9286921319938348;0,9286921319938348;0,9286921319938348;0,9286921319938348;0,9274368834643036;0,9274368834643036;0,9274368834643036;0,9274368834643036;0,9294375429409689;0,9294375429409689;0,9294375429409689;0,9294375429409689;0,92876254180602;0,92876254180602;0,92876254180602;0,92876254180602;0,928584691944888;0,928584691944888;0,928584691944888;0,928584691944888;0,04635604265893221;0,013951850883399865;0,0020031676052601997;0,002003167605260206;0,0020031676052601997;0,0020031676052601997;0,00039376054362828507;0,00039376054362828507;0,00039376054362828507;0,00039376054362828507
23;3,023813843727112;0,7947294473648071;0,9410535815756927;0,9410535815756927;0,9410535815756927;0,9410535815756927;0,9432986825675856;0,9432986825675856;0,9432986825675856;0,9432986825675856;decision tree;8;;;;;;{'decisiontreeclassifier__max_depth': 8};4;4;4;4;0,9381787802840434;0,9381787802840434;0,9381787802840434;0,9381787802840434;0,9436572638303404;0,9436572638303404;0,9436572638303404;0,9436572638303404;0,9418546365914787;0,9418546365914787;0,9418546365914787;0,9418546365914787;0,9431744322085832;0,9431744322085832;0,9431744322085832;0,9431744322085832;0,9430242272347535;0,9430242272347535;0,9430242272347535;0,9430242272347535;0,9431001504206207;0,9431001504206207;0,9431001504206207;0,9431001504206207;0,9428475935828877;0,9428475935828878;0,9428475935828877;0,9428475935828877;0,9430640668523677;0,9430640668523677;0,9430640668523677;0,9430640668523677;0,9426804812834224;0,9426804812834225;0,9426804812834224;0,9426804812834224;0,9432311977715877;0,9432311977715877;0,9432311977715877;0,9432311977715877;0,9376671122994652;0,9376671122994652;0,9376671122994652;0,9376671122994652;0,9436954503249768;0,9436954503249768;0,9436954503249768;0,9436954503249768;0,9418351997325757;0,9418351997325757;0,9418351997325757;0,9418351997325757;0,9431208334107073;0,9431208334107073;0,9431208334107073;0,9431208334107073;0,9396623767340799;0,9396623767340799;0,9396623767340799;0,9396623767340799;0,9434922285565728;0,9434922285565728;0,9434922285565728;0,9434922285565728;0,941481357632503;0,941481357632503;0,941481357632503;0,941481357632503;0,9430486695263031;0,9430486695263031;0,9430486695263031;0,9430486695263031;0,941304347826087;0,941304347826087;0,941304347826087;0,941304347826087;0,9434025327737958;0,9434025327737958;0,9434025327737958;0,9434025327737958;0,04411046281518032;0,009158231267023415;0,0018143925859114905;0,0018143925859115115;0,0018143925859114905;0,0018143925859114905;0,0002329890191638934;0,0002329890191638934;0,0002329890191638934;0,0002329890191638934
24;3,337523007392883;0,7861236810684205;0,947755456763713;0,947755456763713;0,947755456763713;0,947755456763713;0,9505725094386378;0,9505725094386378;0,9505725094386378;0,9505725094386378;decision tree;10;;;;;;{'decisiontreeclassifier__max_depth': 10};3;3;3;3;0,945530492898914;0,945530492898914;0,945530492898914;0,945530492898914;0,9506768927928095;0,9506768927928095;0,9506768927928095;0,9506768927928095;0,9450292397660819;0,9450292397660819;0,9450292397660819;0,9450292397660819;0,9501383498300804;0,9501383498300804;0,9501383498300804;0,9501383498300804;0,9522138680033417;0,9522138680033417;0,9522138680033417;0,9522138680033417;0,9502312020650338;0,9502312020650339;0,9502312020650338;0,9502312020650338;0,9480280748663101;0,9480280748663101;0,9480280748663101;0,9480280748663101;0,9510492107706593;0,9510492107706593;0,9510492107706593;0,9510492107706593;0,9500334224598931;0,9500334224598931;0,9500334224598931;0,9500334224598931;0,9506592386258125;0,9506592386258125;0,9506592386258125;0,9506592386258125;0,9440173796791443;0,9440173796791443;0,9440173796791443;0,9440173796791443;0,951402042711235;0,951402042711235;0,951402042711235;0,951402042711235;0,9501922112652516;0,9501922112652516;0,9501922112652516;0,9501922112652516;0,9505858758426028;0,9505858758426028;0,9505858758426028;0,9505858758426028;0,9438408825004179;0,9438408825004179;0,9438408825004179;0,9438408825004179;0,9495831089487661;0,9495831089487661;0,9495831089487661;0,9495831089487661;0,9500083598060525;0,9500083598060525;0,9500083598060525;0,9500083598060525;0,951051937682209;0,951051937682209;0,951051937682209;0,951051937682209;0,9486622073578596;0,9486622073578596;0,9486622073578596;0,9486622073578596;0,9503472351171687;0,9503472351171687;0,9503472351171687;0,9503472351171687;0,04566158100787915;0,008862420305344279;0,0028046904782969774;0,0028046904782969774;0,0028046904782969774;0,0028046904782969774;0,0004998464450781501;0,0004998464450781425;0,0004998464450781501;0,0004998464450781501
25;4,017475366592407;0,7177781581878662;0,961343049102517;0,961343049102517;0,961343049102517;0,961343049102517;0,9696586503168764;0,9696586503168764;0,9696586503168764;0,9696586503168764;decision tree;15;;;;;;{'decisiontreeclassifier__max_depth': 15};2;2;2;2;0,9604010025062657;0,9604010025062657;0,9604010025062657;0,9604010025062657;0,9696373191702724;0,9696373191702724;0,9696373191702724;0,9696373191702724;0,9583959899749374;0,9583959899749374;0,9583959899749374;0,9583959899749374;0,9696373191702724;0,9696373191702724;0,9696373191702724;0,9696373191702724;0,962907268170426;0,962907268170426;0,962907268170426;0,962907268170426;0,96900592397259;0,96900592397259;0,96900592397259;0,96900592397259;0,96173128342246;0,96173128342246;0,96173128342246;0,96173128342246;0,9699350046425256;0,9699350046425256;0,9699350046425256;0,9699350046425256;0,9640708556149733;0,9640708556149733;0,9640708556149733;0,9640708556149733;0,9703992571959146;0,9703992571959146;0,9703992571959146;0,9703992571959146;0,959725935828877;0,959725935828877;0,959725935828877;0,959725935828877;0,9701578458681522;0,9701578458681522;0,9701578458681522;0,9701578458681522;0,9627277285642655;0,9627277285642655;0,9627277285642655;0,9627277285642655;0,9696384468255;0,9696384468255;0,9696384468255;0,9696384468255;0,959384923951195;0,959384923951195;0,959384923951195;0,959384923951195;0,9695270282817403;0,9695270282817403;0,9695270282817403;0,9695270282817403;0,960876107674302;0,960876107674302;0,960876107674302;0,960876107674302;0,9686739828793196;0,9686739828793196;0,9686739828793196;0,9686739828793196;0,9632107023411371;0,9632107023411371;0,9632107023411371;0,9632107023411371;0,9699743751624763;0,9699743751624763;0,9699743751624763;0,9699743751624763;0,5037664836908431;0,14029563965831968;0,0017800460087787765;0,0017800460087787765;0,0017800460087787765;0,0017800460087787765;0,0004886729846292453;0,0004886729846292453;0,0004886729846292453;0,0004886729846292453
26;2,846696472167969;0,8178447723388672;0,911588728816392;0,911588728816392;0,911588728816392;0,911588728816392;0,9093789088567782;0,9093789088567782;0,9093789088567782;0,9093789088567782;logistic regression;;0.01;l1;;;;{'logisticregression__C': 0.01, 'logisticregression__penalty': 'l1'};13;13;13;13;0,9124477861319966;0,9124477861319966;0,9124477861319966;0,9124477861319966;0,9091162324277146;0,9091162324277146;0,9091162324277146;0,9091162324277146;0,9086048454469507;0,9086048454469507;0,9086048454469507;0,9086048454469507;0,9099333320953036;0,9099333320953036;0,9099333320953036;0,9099333320953036;0,9161236424394319;0,9161236424394319;0,9161236424394319;0,9161236424394319;0,90870768259392;0,90870768259392;0,90870768259392;0,90870768259392;0,9089237967914439;0,9089237967914439;0,9089237967914439;0,9089237967914439;0,9095450324976787;0,9095450324976788;0,9095450324976787;0,9095450324976787;0,9134358288770054;0,9134358288770054;0,9134358288770054;0,9134358288770054;0,9090064995357474;0,9090064995357474;0,9090064995357474;0,9090064995357474;0,9137700534759359;0,9137700534759359;0,9137700534759359;0,9137700534759359;0,909452181987001;0,909452181987001;0,909452181987001;0,909452181987001;0,908072873140565;0,908072873140565;0,908072873140565;0,908072873140565;0,9095467122244713;0,9095467122244713;0,9095467122244713;0,9095467122244713;0,9097442754471001;0,9097442754471001;0,9097442754471001;0,9097442754471001;0,9095467122244713;0,9095467122244713;0,9095467122244713;0,9095467122244713;0,9107172713593045;0,9107172713593045;0,9107172713593045;0,9107172713593045;0,9094943642879691;0,9094943642879691;0,9094943642879691;0,9094943642879691;0,914046822742475;0,914046822742475;0,914046822742475;0,914046822742475;0,9094403386935047;0,9094403386935047;0,9094403386935047;0,9094403386935047;0,17256259420136189;0,025944934822611065;0,002608611315155928;0,002608611315155928;0,002608611315155928;0,002608611315155928;0,0003274145643786318;0,00032741456437863746;0,0003274145643786318;0,0003274145643786318
27;5,049062037467957;0,9723484754562378;0,8739345522612562;0,8739345522612562;0,8739345522612562;0,8739345522612562;0,8726755112488179;0,8726755112488179;0,8726755112488179;0,8726755112488179;logistic regression;;0.01;l2;;;;{'logisticregression__C': 0.01, 'logisticregression__penalty': 'l2'};14;14;14;14;0,8748538011695907;0,8748538011695906;0,8748538011695907;0,8748538011695907;0,8727924381139854;0,8727924381139854;0,8727924381139854;0,8727924381139854;0,8750208855472014;0,8750208855472014;0,8750208855472014;0,8750208855472014;0,8726253040910694;0,8726253040910694;0,8726253040910694;0,8726253040910694;0,8750208855472014;0,8750208855472014;0,8750208855472014;0,8750208855472014;0,8723838882801909;0,8723838882801909;0,8723838882801909;0,8723838882801909;0,8718248663101604;0,8718248663101604;0,8718248663101604;0,8718248663101604;0,8727762302692664;0,8727762302692664;0,8727762302692664;0,8727762302692664;0,870822192513369;0,870822192513369;0,870822192513369;0,870822192513369;0,8728133704735376;0,8728133704735376;0,8728133704735376;0,8728133704735376;0,8761697860962567;0,8761697860962567;0,8761697860962567;0,8761697860962567;0,8724233983286908;0,8724233983286908;0,8724233983286908;0,8724233983286908;0,8744776867792078;0,8744776867792078;0,8744776867792078;0,8744776867792078;0,8726486044827394;0,8726486044827394;0,8726486044827394;0,8726486044827394;0,8728062844726726;0,8728062844726726;0,8728062844726726;0,8728062844726726;0,8726486044827394;0,8726486044827394;0,8726486044827394;0,8726486044827394;0,8732653402441063;0,8732653402441063;0,8732653402441063;0,8732653402441063;0,8728761628878614;0,8728761628878614;0,8728761628878614;0,8728761628878614;0,8750836120401337;0,8750836120401337;0,8750836120401337;0,8750836120401337;0,8727671110781;0,8727671110781;0,8727671110781;0,8727671110781;2,420408158318822;0,24610569047098615;0,0016024042673954452;0,0016024042673954389;0,0016024042673954452;0,0016024042673954452;0,00015621990104668199;0,00015621990104668199;0,00015621990104668199;0,00015621990104668199
28;3,3837534904479982;0,8212465286254883;0,9592372229835879;0,9592372229835879;0,9592372229835879;0,9592372229835879;0,9587246922101569;0,9587246922101569;0,9587246922101569;0,9587246922101569;logistic regression;;0.1;l1;;;;{'logisticregression__C': 0.1, 'logisticregression__penalty': 'l1'};11;11;11;11;0,958061821219716;0,958061821219716;0,958061821219716;0,958061821219716;0,9589593121506435;0,9589593121506435;0,9589593121506435;0,9589593121506435;0,9568922305764411;0,9568922305764411;0,9568922305764411;0,9568922305764411;0,9589407417036528;0,9589407417036528;0,9589407417036528;0,9589407417036528;0,9624060150375939;0,9624060150375939;0,9624060150375939;0,9624060150375939;0,9583093465059704;0,9583093465059704;0,9583093465059704;0,9583093465059704;0,9592245989304813;0,9592245989304813;0,9592245989304813;0,9592245989304813;0,9587558031569173;0,9587558031569173;0,9587558031569173;0,9587558031569173;0,9600601604278075;0,9600601604278075;0,9600601604278075;0,9600601604278075;0,9586072423398329;0,9586072423398329;0,9586072423398329;0,9586072423398329;0,9587232620320856;0,9587232620320856;0,9587232620320856;0,9587232620320856;0,9586258124419684;0,9586258124419684;0,9586258124419684;0,9586258124419684;0,9588835032592345;0,9588835032592345;0,9588835032592345;0,9588835032592345;0,9583108948766039;0,9583108948766039;0,9583108948766039;0,9583108948766039;0,959384923951195;0,959384923951195;0,959384923951195;0,959384923951195;0,9590351154110416;0,9590351154110416;0,9590351154110416;0,9590351154110416;0,9578665774954022;0,9578665774954022;0,9578665774954022;0,9578665774954022;0,9587023935528197;0,9587023935528197;0,9587023935528197;0,9587023935528197;0,9608695652173913;0,9608695652173913;0,9608695652173913;0,9608695652173913;0,9590002599621198;0,9590002599621198;0,9590002599621198;0,9590002599621198;0,17361072674027478;0,021790689242537898;0,0015018597946221282;0,0015018597946221282;0,0015018597946221282;0,0015018597946221282;0,0002535352319990959;0,0002535352319990959;0,0002535352319990959;0,0002535352319990959
29;6,591890358924866;0,7766176462173462;0,9520506735301;0,9520506735301;0,9520506735301;0,9520506735301;0,95086962952127;0,95086962952127;0,95086962952127;0,95086962952127;logistic regression;;0.1;l2;;;;{'logisticregression__C': 0.1, 'logisticregression__penalty': 'l2'};12;12;12;12;0,952548036758563;0,952548036758563;0,952548036758563;0,952548036758563;0,951085442626604;0,951085442626604;0,951085442626604;0,951085442626604;0,9505430242272348;0,9505430242272348;0,9505430242272348;0,9505430242272348;0,9510111608386413;0,9510111608386412;0,9510111608386413;0,9510111608386413;0,9543859649122807;0,9543859649122807;0,9543859649122807;0,9543859649122807;0,9506211814518375;0,9506211814518375;0,9506211814518375;0,9506211814518375;0,9522058823529411;0,9522058823529411;0,9522058823529411;0,9522058823529411;0,9508263695450325;0,9508263695450325;0,9508263695450325;0,9508263695450325;0,9503676470588235;0,9503676470588235;0,9503676470588235;0,9503676470588235;0,9509192200557103;0,9509192200557103;0,9509192200557103;0,9509192200557103;0,9523729946524064;0,9523729946524064;0,9523729946524064;0,9523729946524064;0,9509192200557103;0,9509192200557103;0,9509192200557103;0,9509192200557103;0,9510279124185191;0,9510279124185191;0,9510279124185191;0,9510279124185191;0,950882991959295;0,950882991959295;0,950882991959295;0,950882991959295;0,950025071034598;0,950025071034598;0,950025071034598;0,950025071034598;0,9509387012311749;0,9509387012311749;0,9509387012311749;0,9509387012311749;0,9523491055007524;0,9523491055007524;0,9523491055007524;0,9523491055007524;0,950569141923384;0,950569141923384;0,950569141923384;0,950569141923384;0,9546822742474916;0,9546822742474916;0,9546822742474916;0,9546822742474916;0,9509228655253091;0,9509228655253091;0,9509228655253091;0,9509228655253091;2,7081385514859444;0,025193653988011922;0,0015197409301240007;0,0015197409301240007;0,0015197409301240007;0,0015197409301240007;0,0001527085608799333;0,000152708560879923;0,0001527085608799333;0,0001527085608799333
30;4,037088656425476;0,8105396032333374;0,9744125413644417;0,9744125413644417;0,9744125413644417;0,9744125413644417;0,9772890160801664;0,9772890160801664;0,9772890160801664;0,9772890160801664;logistic regression;;1;l1;;;;{'logisticregression__C': 1, 'logisticregression__penalty': 'l1'};9;9;9;9;0,974937343358396;0,974937343358396;0,974937343358396;0,974937343358396;0,9774369069063492;0,9774369069063492;0,9774369069063492;0,9774369069063492;0,9734335839598998;0,9734335839598998;0,9734335839598998;0,9734335839598998;0,9770840684135267;0,9770840684135266;0,9770840684135267;0,9770840684135267;0,9782790309106099;0,9782790309106099;0,9782790309106099;0,9782790309106099;0,9770840684135267;0,9770840684135266;0,9770840684135267;0,9770840684135267;0,973596256684492;0,973596256684492;0,973596256684492;0,973596256684492;0,977288765088208;0,977288765088208;0,977288765088208;0,977288765088208;0,9764371657754011;0,9764371657754011;0,9764371657754011;0,9764371657754011;0,9771773444753946;0,9771773444753946;0,9771773444753946;0,9771773444753946;0,9720922459893048;0,9720922459893048;0,9720922459893048;0,9720922459893048;0,9773259052924791;0,9773259052924791;0,9773259052924791;0,9773259052924791;0,9749289654019723;0,9749289654019723;0,9749289654019723;0,9749289654019723;0,9774563146459676;0,9774563146459676;0,9774563146459676;0,9774563146459676;0,9727561424034765;0,9727561424034765;0,9727561424034765;0,9727561424034765;0,9772891868303282;0,9772891868303282;0,9772891868303282;0,9772891868303282;0,9742517973583013;0,9742517973583013;0,9742517973583013;0,9742517973583013;0,9772900302675802;0,9772900302675802;0,9772900302675802;0,9772900302675802;0,9734113712374582;0,9734113712374582;0,9734113712374582;0,9734113712374582;0,9774575704683032;0,9774575704683032;0,9774575704683032;0,9774575704683032;0,18510747922340962;0,02522794456091445;0,0017428656617963793;0,0017428656617963793;0,0017428656617963793;0,0017428656617963793;0,00013270669255787803;0,00013270669255791232;0,00013270669255787803;0,00013270669255787803
31;16,547221732139587;0,877584981918335;0,9729585185680383;0,9729585185680383;0,9729585185680383;0,9729585185680383;0,9764515137149242;0,9764515137149242;0,9764515137149242;0,9764515137149242;logistic regression;;1;l2;;;;{'logisticregression__C': 1, 'logisticregression__penalty': 'l2'};10;10;10;10;0,9727652464494569;0,9727652464494569;0,9727652464494569;0,9727652464494569;0,9763969618748723;0,9763969618748723;0,9763969618748723;0,9763969618748723;0,9734335839598998;0,9734335839598998;0,9734335839598998;0,9734335839598998;0,9765640958977883;0,9765640958977883;0,9765640958977883;0,9765640958977883;0,9767752715121136;0,9767752715121136;0,9767752715121136;0,9767752715121136;0,9761555460639938;0,9761555460639938;0,9761555460639938;0,9761555460639938;0,9714237967914439;0,9714237967914439;0,9714237967914439;0,9714237967914439;0,9766016713091922;0,9766016713091922;0,9766016713091922;0,9766016713091922;0,9732620320855615;0,9732620320855615;0,9732620320855615;0,9732620320855615;0,9760259981429897;0,9760259981429897;0,9760259981429897;0,9760259981429897;0,9717580213903744;0,9717580213903744;0,9717580213903744;0,9717580213903744;0,9765088207985144;0,9765088207985144;0,9765088207985144;0,9765088207985144;0,9735918435567441;0,9735918435567441;0,9735918435567441;0,9735918435567441;0,9766206755677703;0,9766206755677703;0,9766206755677703;0,9766206755677703;0,9715861607889019;0,9715861607889019;0,9715861607889019;0,9715861607889019;0,9765649662958905;0,9765649662958905;0,9765649662958905;0,9765649662958905;0,9724126400267514;0,9724126400267514;0,9724126400267514;0,9724126400267514;0,9765101294264015;0,9765101294264015;0,9765101294264015;0,9765101294264015;0,9725752508361204;0,9725752508361204;0,9725752508361204;0,9725752508361204;0,9765662717718275;0,9765662717718275;0,9765662717718275;0,9765662717718275;14,778949224227688;0,18562791343819043;0,0014646731078631927;0,0014646731078631927;0,0014646731078631927;0,0014646731078631927;0,00019189446117485594;0,00019189446117485594;0,00019189446117485594;0,00019189446117485594
32;47,96525013446808;0,9746488332748413;0,9776381321656583;0,9776381321656583;0,9776381321656583;0,9776381321656583;0,9907484812162645;0,9907484812162645;0,9907484812162645;0,9907484812162645;logistic regression;;5;l1;;;;{'logisticregression__C': 5, 'logisticregression__penalty': 'l1'};4;4;4;4;0,9767752715121136;0,9767752715121136;0,9767752715121136;0,9767752715121136;0,9910304741035116;0,9910304741035116;0,9910304741035116;0,9910304741035116;0,9774436090225563;0,9774436090225563;0,9774436090225563;0,9774436090225563;0,9909004809745771;0,9909004809745771;0,9909004809745771;0,9909004809745771;0,9804511278195489;0,9804511278195489;0,9804511278195489;0,9804511278195489;0,9905662129287452;0,9905662129287452;0,9905662129287452;0,9905662129287452;0,97576871657754;0,97576871657754;0,97576871657754;0,97576871657754;0,9910120705663881;0,9910120705663881;0,9910120705663881;0,9910120705663881;0,9802807486631016;0,9802807486631016;0,9802807486631016;0,9802807486631016;0,9905478180129991;0,9905478180129991;0,9905478180129991;0,9905478180129991;0,9762700534759359;0,9762700534759359;0,9762700534759359;0,9762700534759359;0,9908263695450324;0,9908263695450324;0,9908263695450324;0,9908263695450324;0,977770349323082;0,977770349323082;0,977770349323082;0,977770349323082;0,990585133052311;0,990585133052311;0,990585133052311;0,990585133052311;0,9772689286311215;0,9772689286311215;0,9772689286311215;0,9772689286311215;0,99086367941171;0,99086367941171;0,99086367941171;0,99086367941171;0,978766092626651;0,978766092626651;0,978766092626651;0,978766092626651;0,9906968971087962;0,9906968971087962;0,9906968971087962;0,9906968971087962;0,9755852842809365;0,9755852842809365;0,9755852842809365;0,9755852842809365;0,9904556764585731;0,9904556764585731;0,9904556764585731;0,9904556764585731;57,54877499517818;0,15740159491556152;0,0016335852712047543;0,0016335852712047543;0,0016335852712047543;0,0016335852712047543;0,00019493745027385735;0,00019493745027385735;0,00019493745027385735;0,00019493745027385735
33;14,423005890846252;0,8018348217010498;0,9774710031086005;0,9774710031086005;0,9774710031086005;0,9774710031086005;0,9855340536037586;0,9855340536037586;0,9855340536037586;0,9855340536037586;logistic regression;;5;l2;;;;{'logisticregression__C': 5, 'logisticregression__penalty': 'l2'};5;5;5;5;0,9766081871345029;0,9766081871345029;0,9766081871345029;0,9766081871345029;0,9859793125220524;0,9859793125220524;0,9859793125220524;0,9859793125220524;0,9767752715121136;0,9767752715121136;0,9767752715121136;0,9767752715121136;0,9855336217942766;0,9855336217942766;0,9855336217942766;0,9855336217942766;0,9809523809523809;0,9809523809523809;0,9809523809523809;0,9809523809523809;0,9853107764303887;0,9853107764303887;0,9853107764303887;0,9853107764303887;0,9759358288770054;0,9759358288770054;0,9759358288770054;0,9759358288770054;0,9857381615598886;0,9857381615598886;0,9857381615598886;0,9857381615598886;0,9799465240641712;0,9799465240641712;0,9799465240641712;0,9799465240641712;0,9854596100278552;0,9854596100278552;0,9854596100278552;0,9854596100278552;0,9754344919786097;0,9754344919786097;0,9754344919786097;0,9754344919786097;0,9856638811513463;0,9856638811513463;0,9856638811513463;0,9856638811513463;0,977101788400468;0,977101788400468;0,977101788400468;0,977101788400468;0,985329891738315;0,985329891738315;0,985329891738315;0,985329891738315;0,9764332274778539;0,9764332274778539;0,9764332274778539;0,9764332274778539;0,9853670312529015;0,9853670312529015;0,9853670312529015;0,9853670312529015;0,978766092626651;0,978766092626651;0,978766092626651;0,978766092626651;0,9855718344381929;0,9855718344381929;0,9855718344381929;0,9855718344381929;0,9767558528428094;0,9767558528428094;0,9767558528428094;0,9767558528428094;0,9853864151223679;0,9853864151223679;0,9853864151223679;0,9853864151223679;8,08907997749964;0,04321725241015486;0,0017142524112415743;0,0017142524112415743;0,0017142524112415743;0,0017142524112415743;0,0002012382986447387;0,0002012382986447387;0,0002012382986447387;0,0002012382986447387
34;29,39207715988159;0,8761838674545288;0,9767356352575459;0,9767356352575459;0,9767356352575459;0,9767356352575459;0,9933018409505239;0,9933018409505239;0,9933018409505239;0,9933018409505239;logistic regression;;10;l1;;;;{'logisticregression__C': 10, 'logisticregression__penalty': 'l1'};6;6;6;6;0,9752715121136174;0,9752715121136174;0,9752715121136174;0,9752715121136174;0,9933332095303534;0,9933332095303534;0,9933332095303534;0,9933332095303534;0,9766081871345029;0,9766081871345029;0,9766081871345029;0,9766081871345029;0,993574625341232;0,993574625341232;0,993574625341232;0,993574625341232;0,979281537176274;0,979281537176274;0,979281537176274;0,979281537176274;0,9934074913183161;0,9934074913183161;0,9934074913183161;0,9934074913183161;0,9756016042780749;0,9756016042780749;0,9756016042780749;0,9756016042780749;0,9934818941504179;0,9934818941504179;0,9934818941504179;0,9934818941504179;0,977774064171123;0,977774064171123;0,977774064171123;0,977774064171123;0,9932590529247911;0,9932590529247911;0,9932590529247911;0,9932590529247911;0,9766042780748663;0,9766042780748662;0,9766042780748663;0,9766042780748663;0,9932404828226555;0,9932404828226555;0,9932404828226555;0,9932404828226555;0,976767507939161;0,976767507939161;0,976767507939161;0,976767507939161;0,99290635271397;0,99290635271397;0,99290635271397;0,99290635271397;0,9759318067858934;0,9759318067858934;0,9759318067858934;0,9759318067858934;0,9932777478598355;0,9932777478598355;0,9932777478598355;0,9932777478598355;0,9780973081424511;0,9780973081424511;0,9780973081424511;0,9780973081424511;0,9933708428499805;0,9933708428499805;0,9933708428499805;0,9933708428499805;0,9754180602006689;0,9754180602006689;0,9754180602006689;0,9754180602006689;0,9931667099936866;0,9931667099936866;0,9931667099936866;0,9931667099936866;54,63234599940831;0,06047058701320115;0,0012353631487625808;0,001235363148762582;0,0012353631487625808;0,0012353631487625808;0,0001745236836416816;0,0001745236836416816;0,0001745236836416816;0,0001745236836416816
35;12,89238681793213;0,9710480690002441;0,9780058160911856;0,9780058160911856;0,9780058160911856;0,9780058160911856;0,9887875003956662;0,9887875003956662;0,9887875003956662;0,9887875003956662;logistic regression;;10;l2;;;;{'logisticregression__C': 10, 'logisticregression__penalty': 'l2'};2;2;2;2;0,977109440267335;0,977109440267335;0,977109440267335;0,977109440267335;0,9893034225333803;0,9893034225333803;0,9893034225333803;0,9893034225333803;0,9767752715121136;0,9767752715121136;0,9767752715121136;0,9767752715121136;0,9889877249345391;0,9889877249345391;0,9889877249345391;0,9889877249345391;0,9824561403508771;0,9824561403508771;0,9824561403508771;0,9824561403508771;0,9886905977826886;0,9886905977826886;0,9886905977826886;0,9886905977826886;0,9752673796791443;0,9752673796791443;0,9752673796791443;0,9752673796791443;0,9889693593314763;0,9889693593314763;0,9889693593314763;0,9889693593314763;0,9807820855614974;0,9807820855614974;0,9807820855614974;0,9807820855614974;0,9886536675951718;0,9886536675951718;0,9886536675951718;0,9886536675951718;0,9762700534759359;0,9762700534759359;0,9762700534759359;0,9762700534759359;0,9886722376973074;0,9886722376973074;0,9886722376973074;0,9886722376973074;0,9779374895537356;0,9779374895537356;0,9779374895537356;0,9779374895537356;0,9885795992646376;0,9885795992646376;0,9885795992646376;0,9885795992646376;0,9769346481698145;0,9769346481698145;0,9769346481698145;0,9769346481698145;0,9886167387792242;0,9886167387792242;0,9886167387792242;0,9886167387792242;0,979267680989801;0,979267680989801;0,979267680989801;0,979267680989801;0,9887842831411435;0,9887842831411435;0,9887842831411435;0,9887842831411435;0,9772575250836121;0,9772575250836121;0,9772575250836121;0,9772575250836121;0,9886173728970922;0,9886173728970922;0,9886173728970922;0,9886173728970922;4,296907218285179;0,26876753717796664;0,002089347129703744;0,002089347129703744;0,002089347129703744;0,002089347129703744;0,0002193766490850808;0,0002193766490850808;0,0002193766490850808;0,0002193766490850808
36;14,123006582260132;0,8844894647598267;0,9761339706521376;0,9761339706521376;0,9761339706521376;0,9761339706521376;0,9941022024562576;0,9941022024562576;0,9941022024562576;0,9941022024562576;logistic regression;;15;l1;;;;{'logisticregression__C': 15, 'logisticregression__penalty': 'l1'};7;7;7;7;0,9747702589807853;0,9747702589807853;0,9747702589807853;0,9747702589807853;0,9942431614328957;0,9942431614328957;0,9942431614328957;0,9942431614328957;0,9757727652464494;0,9757727652464494;0,9757727652464494;0,9757727652464494;0,9940574569629891;0,9940574569629891;0,9940574569629891;0,9940574569629891;0,978780284043442;0,978780284043442;0,978780284043442;0,978780284043442;0,9941874500919237;0,9941874500919237;0,9941874500919237;0,9941874500919237;0,9759358288770054;0,9759358288770054;0,9759358288770054;0,9759358288770054;0,9942618384401114;0,9942618384401114;0,9942618384401114;0,9942618384401114;0,9774398395721925;0,9774398395721925;0,9774398395721925;0,9774398395721925;0,993983286908078;0,993983286908078;0,993983286908078;0,993983286908078;0,9756016042780749;0,9756016042780749;0,9756016042780749;0,9756016042780749;0,9942061281337047;0,9942061281337047;0,9942061281337047;0,9942061281337047;0,9760989470165469;0,9760989470165469;0,9760989470165469;0,9760989470165469;0,9938905498505135;0,9938905498505135;0,9938905498505135;0,9938905498505135;0,9752632458632793;0,9752632458632794;0,9752632458632793;0,9752632458632793;0,9940019683942731;0,9940019683942731;0,9940019683942731;0,9940019683942731;0,9770941314161511;0,9770941314161511;0,9770941314161511;0,9770941314161511;0,9941878818264535;0,9941878818264535;0,9941878818264535;0,9941878818264535;0,974581939799331;0,974581939799331;0,974581939799331;0,974581939799331;0,9940023025216326;0,9940023025216326;0,9940023025216326;0,9940023025216326;4,278249064086398;0,07749998256708833;0,0012293102465514526;0,0012293102465514448;0,0012293102465514526;0,0012293102465514526;0,00012317812189566334;0,00012317812189566334;0,00012317812189566334;0,00012317812189566334
37;19,900255656242372;0,8018343210220337;0,9780225289968913;0,9780225289968913;0,9780225289968913;0,9780225289968913;0,9902805192629878;0,9902805192629878;0,9902805192629878;0,9902805192629878;logistic regression;;15;l2;;;;{'logisticregression__C': 15, 'logisticregression__penalty': 'l2'};1;1;1;1;0,977109440267335;0,977109440267335;0,977109440267335;0,977109440267335;0,9904362197998106;0,9904362197998106;0,9904362197998106;0,9904362197998106;0,977109440267335;0,977109440267335;0,977109440267335;0,977109440267335;0,9904547902468013;0,9904547902468013;0,9904547902468013;0,9904547902468013;0,9824561403508771;0,9824561403508771;0,9824561403508771;0,9824561403508771;0,9901390926479601;0,9901390926479601;0,9901390926479601;0,9901390926479601;0,9759358288770054;0,9759358288770054;0,9759358288770054;0,9759358288770054;0,9904549675023213;0,9904549675023213;0,9904549675023213;0,9904549675023213;0,9797794117647058;0,9797794117647058;0,9797794117647058;0,9797794117647058;0,9903435468895079;0,9903435468895079;0,9903435468895079;0,9903435468895079;0,9764371657754011;0,9764371657754011;0,9764371657754011;0,9764371657754011;0,9903621169916434;0,9903621169916434;0,9903621169916434;0,9903621169916434;0,977436068861775;0,977436068861775;0,977436068861775;0,977436068861775;0,9899537613043398;0,9899537613043398;0,9899537613043398;0,9899537613043398;0,9769346481698145;0,9769346481698145;0,9769346481698145;0,9769346481698145;0,9902880169356186;0,9902880169356186;0,9902880169356186;0,9902880169356186;0,9796020732319011;0,9796020732319011;0,9796020732319011;0,9796020732319011;0,9903255157558539;0,9903255157558539;0,9903255157558539;0,9903255157558539;0,9774247491638796;0,9774247491638796;0,9774247491638796;0,9774247491638796;0,9900471645560218;0,9900471645560218;0,9900471645560218;0,9900471645560218;13,967682956507073;0,06674569087154453;0,0018884866465949497;0,0018884866465949497;0,0018884866465949497;0,0018884866465949497;0,00016702798026247936;0,00016702798026247936;0,00016702798026247936;0,00016702798026247936
38;11,014036273956298;0,803935170173645;0,9757997125380219;0,9757997125380219;0,9757997125380219;0,9757997125380219;0,9945943055078528;0,9945943055078528;0,9945943055078528;0,9945943055078528;logistic regression;;20;l1;;;;{'logisticregression__C': 20, 'logisticregression__penalty': 'l1'};8;8;8;8;0,9736006683375105;0,9736006683375105;0,9736006683375105;0,9736006683375105;0,9948188452896061;0,9948188452896061;0,9948188452896061;0,9948188452896061;0,9759398496240601;0,9759398496240601;0,9759398496240601;0,9759398496240601;0,9947074226076622;0,9947074226076622;0,9947074226076622;0,9947074226076622;0,9789473684210527;0,9789473684210527;0,9789473684210527;0,9789473684210527;0,9945402885847462;0,9945402885847462;0,9945402885847462;0,9945402885847462;0,9756016042780749;0,9756016042780749;0,9756016042780749;0,9756016042780749;0,9948003714020427;0,9948003714020427;0,9948003714020427;0,9948003714020427;0,9769385026737968;0,9769385026737967;0,9769385026737968;0,9769385026737968;0,9944103992571959;0,9944103992571959;0,9944103992571959;0,9944103992571959;0,9751002673796791;0,9751002673796791;0,9751002673796791;0,9751002673796791;0,9945961002785515;0,9945961002785515;0,9945961002785515;0,9945961002785515;0,9764332274778539;0,9764332274778539;0,9764332274778539;0,9764332274778539;0,9945219215984847;0,9945219215984847;0,9945219215984847;0,9945219215984847;0,9747618251713187;0,9747618251713187;0,9747618251713187;0,9747618251713187;0,9945404913557779;0,9945404913557779;0,9945404913557779;0,9945404913557779;0,9764253469319512;0,9764253469319512;0,9764253469319512;0,9764253469319512;0,9945406941117486;0,9945406941117486;0,9945406941117486;0,9945406941117486;0,974247491638796;0,974247491638796;0,974247491638796;0,974247491638796;0,9944665205927137;0,9944665205927137;0,9944665205927137;0,9944665205927137;2,119972871590786;0,040167272478375884;0,0014446574013794375;0,0014446574013794288;0,0014446574013794375;0,0014446574013794375;0,0001302911595044439;0,0001302911595044439;0,0001302911595044439;0,0001302911595044439
39;14,78825032711029;0,7884256362915039;0,9778888257512451;0,9778888257512451;0,9778888257512451;0,9778888257512451;0,9912684375935348;0,9912684375935348;0,9912684375935348;0,9912684375935348;logistic regression;;20;l2;;;;{'logisticregression__C': 20, 'logisticregression__penalty': 'l2'};3;3;3;3;0,9759398496240601;0,9759398496240601;0,9759398496240601;0,9759398496240601;0,9916432988542034;0,9916432988542034;0,9916432988542034;0,9916432988542034;0,9774436090225563;0,9774436090225563;0,9774436090225563;0,9774436090225563;0,9913461717023528;0,9913461717023528;0,9913461717023528;0,9913461717023528;0,9817878028404344;0,9817878028404344;0,9817878028404344;0,9817878028404344;0,9911047558914743;0,9911047558914743;0,9911047558914743;0,9911047558914743;0,97576871657754;0,97576871657754;0,97576871657754;0,97576871657754;0,9914020427112349;0,9914020427112349;0,9914020427112349;0,9914020427112349;0,9797794117647058;0,9797794117647058;0,9797794117647058;0,9797794117647058;0,9913463324048283;0,9913463324048283;0,9913463324048283;0,9913463324048283;0,9764371657754011;0,9764371657754011;0,9764371657754011;0,9764371657754011;0,9913649025069637;0,9913649025069637;0,9913649025069637;0,9913649025069637;0,977436068861775;0,977436068861775;0,977436068861775;0,977436068861775;0,9907336911106572;0,9907336911106572;0,9907336911106572;0,9907336911106572;0,977101788400468;0,977101788400468;0,977101788400468;0,977101788400468;0,9913093535867487;0,9913093535867487;0,9913093535867487;0,9913093535867487;0,979769269352951;0,979769269352951;0,979769269352951;0,979769269352951;0,991328245408798;0,991328245408798;0,991328245408798;0,991328245408798;0,9774247491638796;0,9774247491638796;0,9774247491638796;0,9774247491638796;0,9911055817580867;0,9911055817580867;0,9911055817580867;0,9911055817580867;5,840296167412348;0,1487361478881625;0,0018427059884449583;0,0018427059884449583;0,0018427059884449583;0,0018427059884449583;0,00022897720017391575;0,00022897720017391575;0,00022897720017391575;0,00022897720017391575
